1,2,3,4,5,6,7,8,9,10,11,12,13,14,15,16,17,18,19,20
32684,16389,8002,4056,2061,1027,517,256,155,68,36,20,8,6,1,2,0,1,0,0
32204,16088,8248,4180,2036,1104,574,307,157,81,36,14,12,4,5,2,1,1,0,0
32396,16256,8199,4124,2032,1066,545,311,146,75,36,15,14,10,2,1,3,1,1,1
32533,16493,8207,4135,2011,1035,520,272,131,73,43,10,9,8,2,0,1,1,0,0
32866,16342,8199,4123,2042,1001,468,256,134,66,33,15,18,3,1,7,1,0,0,0
32712,16461,8171,4148,2106,1008,529,234,145,66,34,14,8,2,5,0,3,0,0,0
32544,16397,8124,4049,2075,1028,520,272,128,72,18,17,13,6,2,3,1,0,0,0
32467,16493,8228,4243,2015,1024,521,277,125,71,29,17,11,6,3,2,0,0,0,0
32622,16227,8041,3977,2065,1030,548,281,155,78,38,26,11,7,6,2,1,2,0,0
32451,16431,8031,3955,2078,1063,507,296,137,76,30,13,10,5,1,2,1,1,0,0
32663,16350,8022,4001,2084,1033,533,288,127,60,29,14,13,4,3,3,1,2,0,0
33043,16434,8128,4061,2112,1057,507,271,107,67,28,15,7,7,1,1,1,0,0,0
32354,16139,8033,4091,2034,1068,583,287,162,67,41,18,15,3,1,3,2,0,0,0
32412,16175,8101,4040,2064,1038,578,280,145,65,38,12,9,6,3,1,1,1,0,0
32260,16115,7893,4066,2076,1061,558,284,140,77,29,12,12,7,4,1,2,1,0,0
32563,16447,8174,4055,2056,946,523,276,129,49,39,11,10,4,3,0,2,1,0,0
32652,16509,8150,4154,2111,1008,537,267,132,65,40,10,7,5,2,2,0,0,0,0
32259,16351,8161,4170,2072,1070,566,270,164,89,40,15,17,6,4,3,2,2,0,0
32226,16373,8218,4250,2164,1115,553,284,169,78,41,24,17,6,3,0,2,0,0,0
32436,16375,8084,4124,2117,1015,533,291,153,84,45,16,15,6,1,3,1,0,0,1
32750,16324,8105,4062,2097,952,516,282,145,68,33,7,13,3,3,0,1,0,0,0
32441,16173,8015,4050,2086,1011,539,266,147,85,42,24,8,5,5,2,0,0,0,1
31598,15768,8090,4199,2206,1100,580,313,181,91,46,31,15,5,4,2,3,2,0,0
32541,16464,8106,4021,2129,977,495,275,138,84,29,13,6,5,4,1,1,0,0,0
32559,16250,8019,4030,2083,1016,537,285,130,71,35,13,8,9,5,2,0,1,0,0
32831,16508,8102,4077,2049,993,545,276,133,60,39,15,10,4,1,2,0,0,0,0
32355,16062,7898,4033,2031,1055,543,323,131,85,56,21,9,5,3,2,2,1,0,0
32568,16410,8134,4024,2112,978,539,272,140,57,33,19,8,4,0,1,1,0,0,0
32703,16354,8073,4080,2068,1006,536,272,113,66,33,16,9,3,4,2,0,0,0,0
32606,16535,8067,4111,2082,1023,520,253,135,66,26,14,7,4,2,0,0,0,0,0
32664,16532,7965,4087,2004,1076,527,260,135,57,38,11,9,5,3,1,1,0,1,0
32350,16193,8157,4036,2053,1026,560,299,157,82,36,19,23,11,6,5,4,1,2,0
32695,16357,8176,4070,2073,1037,507,247,129,56,39,13,13,5,0,0,0,2,0,0
32675,16495,8245,3918,2057,1027,511,260,140,58,34,15,9,5,3,2,1,0,1,1
32651,16600,8185,4084,2046,978,539,260,121,64,33,18,20,4,3,3,3,0,0,0
32657,16567,8078,4136,2126,1006,524,273,130,61,35,19,7,4,1,1,1,0,0,0
32788,16643,8122,4005,2017,1018,523,281,127,79,32,15,4,6,1,2,2,1,1,0
32870,16397,8211,4096,2016,990,536,249,112,56,28,15,13,3,0,2,0,0,0,0
32749,16371,8247,3994,2056,991,510,256,150,69,36,22,7,4,1,1,0,0,0,0
32832,16371,8094,4040,2128,1018,488,235,127,74,31,15,14,1,5,3,1,0,0,0
32813,16690,7995,4104,2013,975,524,274,125,63,23,12,7,6,1,3,1,0,0,0
32474,16315,8271,4074,2069,1039,532,237,130,71,40,12,7,6,0,0,1,0,0,0
32725,16637,8139,4053,2086,967,534,251,131,50,24,10,10,4,2,1,0,0,0,0
32771,16637,8052,4054,2084,956,508,260,135,70,30,14,8,4,0,0,0,0,0,0
32798,16299,8130,3971,2125,978,557,286,125,52,34,15,4,8,0,2,2,0,1,0
32908,16550,8210,4044,2002,992,498,234,127,60,32,13,12,3,0,2,0,1,0,0
32799,16279,8231,4042,2079,992,528,277,128,55,34,15,4,3,2,1,0,0,0,0
33129,16450,8099,4084,2037,987,501,258,116,57,29,8,12,3,2,1,2,0,0,0
32931,16393,8161,4062,1963,983,518,247,120,66,38,18,13,3,4,2,0,0,1,0
33023,16456,8111,4100,2051,964,515,246,135,49,35,18,10,4,2,2,0,1,0,0
32575,16259,8099,4133,2070,1017,544,273,132,75,32,20,7,2,1,0,0,1,0,0
32645,16423,8125,4030,2053,1053,493,254,123,71,43,13,9,1,0,1,0,0,0,0
33118,16249,8051,3964,2023,965,527,248,117,60,32,11,12,4,1,1,0,2,0,0
32633,16372,8132,4034,2090,999,560,253,134,57,40,14,6,1,1,2,2,1,0,0
32468,16436,8205,4070,2119,1026,498,271,137,65,30,17,9,3,2,1,0,0,0,0
32743,16324,8069,4142,2045,1004,529,303,138,50,30,22,9,7,0,1,0,0,0,0
32533,16225,8133,4025,2080,1046,539,279,132,69,36,16,10,5,5,1,1,0,0,0
31979,16090,8079,4163,2091,1021,567,284,149,70,35,19,12,6,6,1,1,0,0,0
33075,16328,8134,3994,2012,1016,510,294,123,58,38,14,9,5,3,2,0,2,0,0
32307,15792,7992,3989,2006,1052,578,309,182,83,50,25,10,4,6,4,1,1,0,0
32818,16515,7993,3930,2042,982,520,269,126,57,35,17,10,3,3,2,1,1,0,0
32777,16560,8282,3925,1991,1008,517,267,112,67,30,13,8,4,7,1,1,1,0,0
31940,16122,8083,4070,2037,1103,595,268,135,70,35,21,10,4,0,3,1,0,0,0
32318,16398,8047,4006,2079,1055,541,254,150,81,34,19,13,5,3,1,1,0,0,1
32938,16417,8085,4039,2143,977,524,227,118,56,30,16,6,5,0,1,0,0,0,0
32759,16297,8136,4108,2076,1031,508,256,138,60,23,17,12,4,3,2,0,0,0,0
32787,16389,8050,4058,2092,994,538,247,128,59,26,11,8,1,0,2,0,1,0,0
32661,16316,8049,4119,2078,1054,504,260,132,67,36,24,8,4,3,3,0,0,1,0
32648,16493,8005,4106,2104,998,523,255,114,74,35,12,12,5,3,1,1,1,0,0
32903,16392,8258,4084,2018,1020,487,245,126,65,37,14,7,6,0,0,0,1,1,0
32422,16402,8114,4019,2125,1028,531,276,142,60,29,15,12,3,2,2,2,1,0,0
32441,16239,8170,4073,2045,992,530,309,114,75,21,16,11,7,5,0,0,0,0,1
32734,16362,8044,4058,2051,1035,552,257,140,64,38,15,9,4,3,0,1,0,0,0
32712,16433,8115,4035,2065,999,483,263,135,52,32,16,10,5,1,2,2,1,0,0
32823,16404,8224,4172,2082,917,495,255,102,68,24,13,11,3,1,1,2,0,0,0
32764,16374,8181,4072,2077,999,523,285,123,58,36,12,6,2,5,0,1,0,0,0
32528,16193,8152,4033,2068,1068,524,246,138,66,36,17,7,4,3,2,3,2,1,0
32536,16315,8120,4130,2062,1018,544,264,136,60,33,16,11,0,4,2,1,1,0,0
32737,16520,7962,4026,2070,1059,549,246,134,72,36,21,9,5,2,1,2,2,0,0
32729,16428,8227,4104,2097,1018,526,234,118,47,28,17,10,5,1,0,0,1,0,0
33103,16469,8277,4002,2064,949,508,262,111,71,25,17,8,2,0,2,0,0,0,0
32956,16595,8166,3952,1981,1025,478,271,126,59,28,13,9,9,3,1,0,0,0,0
32759,16436,8044,3978,2058,977,528,275,137,74,32,19,13,6,0,0,0,1,0,0
32914,16397,8067,4080,2040,1016,508,242,129,65,29,13,12,5,1,1,0,0,0,0
32881,16427,8186,4101,2019,1021,478,259,121,59,33,20,10,5,3,0,0,0,0,0
32921,16444,8067,4117,2023,997,537,241,116,73,37,17,9,2,1,1,1,0,0,0
32688,16412,8253,4022,2072,1012,516,261,122,61,40,9,5,2,2,1,0,0,0,0
32799,16308,8248,3970,2084,1036,518,247,119,59,41,21,7,4,2,2,0,0,0,0
32800,16413,8217,4032,2007,986,525,250,134,76,34,15,7,4,2,1,0,1,0,0
32729,16436,8118,4061,2060,985,504,282,140,61,28,16,6,3,1,0,0,1,0,0
32609,16461,8187,4088,2050,1020,500,267,132,56,23,18,15,3,2,1,2,0,1,0
32761,16600,8132,4072,1992,1004,548,235,120,66,43,12,8,1,3,0,0,0,0,0
32712,16374,8304,4054,2042,999,505,260,111,64,31,8,9,4,1,0,0,0,0,0
32684,16528,8175,4061,2092,1022,510,242,120,57,28,19,7,3,1,1,0,0,0,0
32675,16519,8200,4144,2025,981,492,270,131,59,34,14,9,1,1,0,0,0,0,0
32963,16284,8036,4042,2128,1032,543,238,113,69,34,15,11,4,2,1,0,0,0,1
32866,16548,8326,4030,1918,947,509,257,108,60,34,16,12,5,2,1,1,0,0,0
33158,16441,8147,4024,2072,956,515,228,135,54,30,11,11,2,2,1,2,1,0,1
32995,16546,8100,3967,2057,998,516,274,128,65,21,16,4,6,1,2,0,1,0,0
32935,16430,8007,4126,2099,941,532,267,117,64,24,18,11,4,3,3,2,0,0,0
33125,16265,8138,4091,2070,995,488,252,109,67,28,15,9,2,1,1,1,0,0,0
32991,16598,8170,3968,1976,989,530,256,139,56,31,14,6,5,1,2,1,1,0,0
32945,16399,8190,3961,2073,988,534,262,113,53,34,12,15,4,2,1,1,0,0,0
32797,16523,8171,3992,2121,984,505,239,113,66,28,11,5,4,1,5,2,0,0,0
32987,16571,8185,4011,1960,1040,508,270,135,53,27,19,14,3,8,1,0,0,0,0
33016,16315,8191,3972,2009,979,513,288,131,64,29,15,14,5,2,2,0,1,0,0
32676,16602,8200,4018,2035,1015,504,235,145,62,35,14,6,4,3,0,0,0,0,0
32866,16453,8124,4034,2053,1014,504,272,106,63,32,17,10,7,2,0,0,1,0,0
32588,16280,8209,4092,2086,988,549,249,117,62,31,12,8,8,3,0,2,0,0,0
32989,16362,8101,4015,2132,1006,511,222,118,68,34,21,8,2,2,1,0,0,0,0
32856,16487,8155,4034,2060,1008,500,246,130,54,23,14,10,5,2,2,0,0,0,0
32460,16381,8042,4157,2087,1023,544,254,122,72,29,15,10,6,3,0,1,1,0,0
32970,16499,8176,4057,1953,1045,502,247,120,77,27,20,9,4,2,0,0,0,0,0
32826,16539,8142,4062,1980,991,519,272,145,54,35,8,8,3,1,0,0,0,0,0
32972,16454,8216,4026,2054,991,493,269,107,66,26,24,10,1,2,1,0,0,0,0
32370,16350,8109,4059,2066,1027,581,254,126,79,25,18,5,1,3,3,1,0,1,0
32758,16365,8242,4041,2050,975,506,249,133,67,40,8,10,2,0,2,4,0,0,0
32923,16631,8267,4069,2017,917,507,244,107,59,34,11,5,4,3,3,0,0,0,0
32968,16477,8206,4063,2000,952,547,254,120,55,25,15,12,4,2,1,0,1,0,0
33012,16494,8257,3943,2013,1019,509,251,141,65,31,9,6,3,1,1,0,0,0,0
33559,16310,7825,3952,1898,972,461,225,123,62,26,14,8,6,2,1,1,0,0,0
32809,16570,8059,4087,2056,1027,482,264,126,63,30,14,13,5,0,2,0,0,2,0
32906,16360,8205,4075,2024,997,516,264,116,58,28,9,8,4,3,0,1,0,0,0
32607,16684,8174,4064,2005,1028,491,256,119,70,29,25,4,0,2,0,2,1,0,0
32493,16505,8113,4124,2070,997,530,247,123,69,33,10,12,1,5,1,1,0,0,0
32435,16393,8185,3998,2034,1015,528,272,141,66,33,25,9,5,1,3,0,1,0,0
32756,16371,8122,4075,1989,997,533,262,121,66,31,19,13,4,3,1,0,0,0,0
32547,16277,8135,4078,2110,1057,526,276,136,67,39,18,8,7,1,0,1,0,0,0
32674,16186,8073,3952,2057,1043,504,276,132,64,39,14,8,4,2,0,0,1,0,0
32949,16268,8199,4012,2058,941,536,234,115,54,32,17,14,2,6,3,2,0,0,0
32406,16296,8037,4055,2116,1042,533,279,124,64,37,21,12,6,0,0,0,0,0,0
32832,16601,8097,4077,1984,1006,521,264,123,52,30,22,8,2,1,1,2,0,0,0
32780,16388,8193,4082,2026,1016,513,252,133,55,33,11,16,2,2,0,0,2,0,0
33036,16289,8193,4173,2003,1006,521,257,114,57,27,8,6,3,1,6,0,0,0,1
32930,16476,8271,4059,2005,959,492,268,135,66,24,14,6,3,4,1,0,0,0,0
32726,16359,8173,4096,2098,1002,533,242,127,68,30,20,9,4,1,2,2,1,0,0
32876,16285,8150,4108,2047,1025,523,272,111,65,36,15,13,0,3,5,1,2,0,0
32856,16322,8225,4103,2029,1009,509,253,127,55,29,20,9,1,2,3,0,0,0,0
32935,16390,8099,4096,1991,1057,473,268,127,62,24,16,16,1,4,2,1,0,1,0
32703,16461,8180,4086,1968,1029,539,262,132,64,20,16,4,3,2,0,0,0,0,0
33081,16432,8108,4027,2036,1022,537,237,129,76,30,23,9,5,0,2,0,1,0,0
32929,16440,8078,4079,2057,1050,484,252,120,57,31,9,14,9,2,0,1,0,0,0
32570,16664,8167,4106,2044,990,505,271,124,53,25,17,8,5,1,1,0,0,0,0
32770,16380,8214,4008,2082,1015,503,244,125,70,31,12,8,5,1,2,0,1,0,0
32584,16317,8151,4029,2045,996,551,286,132,57,37,17,7,3,1,2,2,0,0,0
32911,16343,8215,4063,2066,988,534,256,101,72,33,12,8,4,1,1,0,0,0,0
32940,16338,8082,4090,2056,1027,511,239,127,70,37,15,7,4,4,3,0,0,0,0
32896,16282,8259,4127,2004,1006,528,225,134,64,29,20,5,1,4,2,1,0,0,0
32748,16523,8196,3985,2036,983,518,259,139,59,38,14,3,2,2,1,1,0,0,0
32744,16555,8079,4039,2059,984,524,262,131,61,28,14,12,6,4,1,0,0,0,0
32921,16344,8228,4093,2029,987,512,243,145,57,33,17,8,3,4,1,1,1,0,0
32526,16336,8257,4060,2053,1043,511,267,114,62,31,13,8,3,2,3,2,0,0,0
32629,16461,8064,4011,2029,1013,535,277,146,65,25,12,6,4,3,1,0,1,0,1
32765,16232,8026,4124,2047,986,551,291,145,67,34,18,5,5,4,1,0,1,0,0
32912,16309,8166,4028,2016,1012,498,244,134,75,40,11,9,3,1,0,0,0,1,0
32826,16459,8208,4057,2050,998,527,234,126,64,32,15,9,2,1,0,0,0,0,0
32614,16538,8114,4065,2105,1004,503,249,128,50,34,12,7,4,4,0,1,0,0,0
32735,16487,8235,4056,2009,999,521,242,129,68,41,13,13,6,1,1,1,0,0,0
32330,16413,8182,4132,2053,1015,539,263,114,60,43,9,12,6,5,1,0,1,0,0
32821,16260,8227,4098,2081,981,511,262,122,79,39,16,7,3,2,0,0,0,0,0
32794,16292,8226,4076,2068,1029,495,270,120,59,31,14,8,4,2,0,0,0,0,0
32800,16330,8037,4071,2032,1042,493,269,132,64,34,14,9,6,3,4,2,1,0,0
32239,16118,8265,4154,2177,1049,546,291,153,79,61,24,16,7,4,1,2,0,2,0
32740,16345,8325,4071,1942,1010,503,256,139,65,22,17,14,8,3,1,0,0,0,0
32580,16536,8100,4120,2102,982,512,255,119,56,37,14,13,4,2,1,1,2,1,0
32350,16288,8044,4116,2063,983,587,276,143,71,28,18,11,2,2,2,1,0,0,0
32997,16442,8135,4083,2005,1011,528,250,112,58,23,13,11,2,0,3,2,0,0,0
32847,16586,8182,4004,2069,958,518,272,116,67,27,16,10,5,3,2,0,1,0,0
32995,16337,8143,3989,2002,1050,517,260,127,46,35,19,9,4,2,5,0,0,0,0
32704,16434,8168,4097,2014,967,531,249,130,65,22,19,12,6,3,2,1,1,0,0
33071,16433,8111,4020,2044,1069,496,236,120,64,26,22,7,4,1,1,1,0,0,0
32595,16285,8029,4051,2074,1051,525,268,130,62,37,18,10,2,1,0,1,0,0,0
32371,16252,8181,4117,2086,1037,515,282,128,70,30,19,12,8,1,0,0,0,0,0
32264,16369,8250,4092,2049,1023,511,277,144,56,32,18,15,3,1,0,1,0,0,0
32683,16426,8109,4068,2101,962,529,270,143,64,33,12,12,3,0,0,0,1,0,0
32948,16410,8188,4094,1979,985,499,262,117,68,38,11,9,5,1,1,0,0,0,0
32337,16149,8231,4050,2169,1076,489,266,131,65,36,15,10,6,5,1,0,0,0,0
33035,16413,8168,4054,2027,1003,504,246,134,60,27,22,8,11,2,0,0,1,0,0
32474,16262,8037,4087,2042,1016,550,282,135,66,39,15,6,4,4,1,2,0,0,0
32746,16213,8080,4027,2048,1039,547,266,131,51,28,22,7,11,3,1,0,1,0,0
32982,16486,8165,3988,2063,1012,520,255,120,55,18,20,10,7,2,0,1,0,0,0
32801,16447,8231,4043,2084,979,511,241,115,56,25,11,11,3,3,3,1,0,0,0
32848,16410,8059,4050,2063,972,544,242,132,55,38,21,8,4,4,0,0,0,0,0
32508,16444,8148,4112,2064,954,478,239,142,81,37,19,7,3,7,1,0,0,0,0
32676,16499,8222,3990,2083,987,528,261,122,63,22,12,7,6,0,0,0,0,1,0
32664,16457,8226,4061,2031,1041,525,229,141,62,29,14,6,2,0,2,1,0,0,0
32903,16429,8218,4052,2032,950,553,229,134,60,37,11,6,6,2,2,1,1,0,0
33021,16490,8089,4081,2057,944,508,245,137,63,32,11,12,3,1,3,1,0,0,0
32473,16343,8066,4027,2067,1048,575,270,132,57,36,22,6,4,1,3,0,0,0,0
32404,16317,8139,4218,1998,1039,555,272,122,54,35,20,4,6,3,1,1,0,0,0
32718,16484,8068,4050,2013,1008,499,262,114,71,38,16,12,5,1,1,0,0,0,0
32545,16396,8201,4065,2102,975,492,267,133,56,42,16,13,5,2,0,1,0,0,0
33135,16235,8261,4092,2012,1039,507,256,131,50,32,12,10,3,3,1,1,0,0,0
32426,16572,8055,4085,2103,1023,553,267,120,50,29,12,9,5,1,1,0,0,0,0
33067,16630,8147,4095,1972,974,475,262,110,73,28,17,9,9,3,1,0,0,0,0
32736,16554,8077,4112,2006,990,500,250,136,70,26,14,10,4,1,2,0,0,0,0
32891,16394,8206,4055,2042,986,532,253,140,58,35,19,9,3,2,3,1,1,0,0
32910,16487,8117,3961,2060,998,538,271,138,55,30,14,7,4,1,2,0,0,0,0
32916,16261,7911,3864,2022,901,487,241,121,57,40,14,7,4,2,1,1,0,0,0
32768,16574,8152,4115,2047,970,511,244,119,52,26,12,9,3,1,3,0,0,0,0
32311,16221,8180,4025,2091,1015,513,284,135,69,38,21,14,4,3,1,3,0,0,0
32903,16634,8026,4059,2008,999,512,253,121,59,33,19,9,3,0,0,0,0,0,0
32529,16443,8088,4080,2055,990,504,263,141,62,26,20,9,2,3,1,1,0,1,1
32831,16469,8072,4073,2135,1004,523,257,100,69,33,16,9,1,1,1,0,1,0,0
32802,16360,8164,4105,2090,974,532,271,109,45,33,18,11,3,2,1,0,0,0,0
32165,16367,8145,4058,2155,998,516,276,155,75,27,25,14,2,3,1,1,2,0,0
32607,16624,8176,4116,1983,1054,493,235,128,54,30,14,3,5,1,1,0,0,0,0
32734,16440,8245,4036,2022,982,522,257,134,74,28,9,4,4,4,2,1,0,0,0
32993,16406,8083,4074,2075,1018,488,247,127,72,32,10,10,6,4,0,0,1,1,0
32253,16154,8234,4085,2080,1022,542,252,129,70,32,13,9,4,3,1,0,0,0,0
32511,16243,8188,4061,2063,1012,506,256,131,71,41,16,13,6,3,1,0,0,0,0
32762,16436,8094,4032,2053,1005,519,278,145,67,34,26,9,5,4,3,1,0,0,0
32647,16362,8268,4070,2034,995,496,277,130,60,33,17,6,2,1,0,2,0,0,0
32837,16568,8132,3997,2100,969,503,261,132,58,25,15,5,2,0,2,0,1,0,0
32773,16504,8114,4090,2015,1002,513,245,126,71,33,12,13,2,2,3,1,0,0,0
32614,16305,8108,4032,2004,972,556,294,134,65,24,15,7,4,4,1,1,0,0,0
32847,16458,8260,4146,2032,951,514,224,125,62,32,13,4,2,1,1,1,1,0,0
32638,16449,8208,4060,2033,981,559,246,133,74,35,16,9,6,6,1,2,1,0,0
33013,16296,8098,3997,2115,993,538,256,126,59,41,20,10,2,3,0,1,0,0,0
32755,16520,8173,4114,1998,965,521,240,140,68,29,14,7,1,1,2,0,0,0,0
32727,16304,8105,4059,2111,1004,509,282,146,56,29,14,7,3,3,0,1,0,0,0
32670,16410,8062,3995,2163,997,479,257,131,71,32,12,6,6,2,1,0,1,0,1
33132,16438,8109,4092,1957,1020,518,269,137,52,25,14,9,2,2,1,1,0,0,0
32746,16348,8130,4077,2089,987,505,268,122,75,36,18,13,2,0,0,2,1,0,0
32914,16427,8185,4077,1993,1032,494,274,119,54,33,17,9,7,2,1,0,0,0,0
32715,16365,8127,4026,2093,1011,507,263,121,66,32,21,7,4,1,0,0,0,0,0
32439,16396,8208,4014,2047,1001,544,268,154,63,31,15,8,5,2,2,0,0,0,0
32576,16209,8210,4106,2064,937,539,250,137,74,36,21,8,2,1,3,0,0,0,1
31480,15512,7815,4104,2183,1199,615,326,218,112,50,35,19,10,3,8,3,3,0,1
32928,16464,7937,4087,2068,998,531,256,148,70,24,9,11,5,1,0,1,0,0,1
31948,15634,7733,3923,1990,1057,594,290,175,90,56,27,17,6,3,4,1,1,3,0
32045,16263,8021,4015,2079,1051,573,284,155,90,32,21,8,5,2,1,1,0,0,0
32768,16203,8131,4066,1997,1032,515,309,149,64,32,19,8,2,2,0,0,1,0,0
32743,16306,8037,4091,2063,1020,513,269,137,51,36,15,10,4,1,3,1,0,0,0
32880,16420,8144,4033,2051,1057,522,256,117,64,30,15,3,2,1,1,0,0,0,0
32770,16475,8287,3983,2054,1049,508,231,133,60,42,10,7,2,1,1,0,0,0,0
32992,16246,8148,3999,2037,1007,525,230,131,74,22,23,7,4,4,2,0,0,0,0
32935,16355,8192,4063,2069,985,513,252,118,52,37,18,13,2,1,0,0,0,0,2
32880,16215,8135,4114,2026,985,510,240,125,60,46,19,14,3,2,0,0,0,0,0
32938,16560,8105,4075,2080,1018,480,276,130,55,30,11,5,6,0,1,0,0,0,1
32543,16384,8130,4185,2062,973,516,229,122,66,25,15,11,5,3,1,0,1,0,0
32784,16445,8191,4063,2067,965,560,257,133,63,32,14,8,4,1,2,1,0,0,0
33083,16529,8182,3990,2023,981,488,251,139,57,33,13,13,1,0,2,0,0,0,0
32991,16315,8201,4052,2054,940,532,241,118,62,31,17,15,1,0,1,1,1,0,0
32606,16488,8111,4098,2071,989,505,240,138,76,28,16,11,3,2,1,0,0,1,0
32802,16413,8199,4059,2034,1004,516,233,136,51,29,16,10,7,2,1,0,0,0,0
32849,16696,8152,4021,2042,982,514,251,119,63,29,7,6,2,1,0,2,0,0,0
32675,16583,8122,3986,2054,1017,516,240,123,69,41,18,8,2,5,1,0,0,0,0
32511,16495,8173,4032,2108,990,503,271,136,63,35,18,9,3,0,0,0,0,0,0
33092,16375,8153,4110,1929,1006,525,244,112,69,31,14,7,5,3,1,0,0,0,0
32702,16384,8157,4033,2054,982,535,268,133,60,34,23,10,2,1,3,0,0,0,0
32572,16563,8038,4038,2028,1032,525,274,121,73,30,19,12,6,4,1,1,0,0,0
31774,15854,8051,4129,2183,1167,598,356,178,94,83,45,25,14,15,6,5,3,2,2
32991,16607,8127,4061,2039,1020,519,237,108,57,29,15,14,5,3,1,1,0,0,0
32272,16252,8063,4093,2080,1004,542,270,162,74,49,18,14,6,3,3,0,0,0,0
33036,16614,8203,4064,2008,947,514,231,141,61,32,15,7,4,0,1,0,0,1,0
32773,16295,8159,4104,2111,1021,522,272,134,48,29,13,10,1,3,0,1,0,0,1
32696,16398,8177,4117,2049,978,537,260,118,53,29,15,10,8,4,0,1,0,0,0
32781,16546,8215,4102,1992,1007,495,279,125,57,25,9,1,2,4,1,0,0,0,0
30046,15439,8234,4263,2304,1267,741,460,259,172,105,77,41,31,25,15,12,8,3,4
33011,16557,8205,4053,2012,983,500,242,109,71,23,13,4,2,3,0,4,0,0,1
32831,16450,8193,4055,2043,1006,537,250,112,65,27,13,4,3,4,2,0,0,0,0
32891,16632,8159,3992,2042,976,515,247,137,71,37,15,9,4,1,3,1,0,0,0
32641,16550,8207,4044,2018,997,510,255,145,57,37,18,12,5,3,1,0,0,0,0
29741,15636,7989,4367,2355,1305,765,491,285,192,132,83,53,36,29,20,13,9,9,5
32784,16299,8249,4071,2067,1001,501,263,126,61,31,8,12,6,3,0,0,1,0,0
32983,16542,8139,4041,2022,993,527,240,124,48,34,17,13,0,1,3,0,0,0,0
32745,16253,8117,3945,2037,1051,552,263,118,61,33,13,6,3,2,1,3,0,1,0
33914,15907,7607,3669,1685,828,437,191,97,60,30,12,4,2,1,1,0,1,0,0
33037,16280,7992,3881,1967,948,469,251,114,74,32,11,6,3,1,3,0,1,1,0
32744,16388,8125,4200,2038,960,528,256,118,69,31,14,5,2,2,1,1,0,0,0
33025,16563,8133,4080,1964,1008,521,259,126,62,22,10,9,4,0,3,1,0,0,0
33073,16468,8264,3981,2025,995,510,235,128,71,24,21,14,5,1,0,0,0,0,0
32943,16505,8206,3998,2055,987,499,248,133,64,30,12,4,4,2,1,1,1,0,0
32562,16318,8173,4015,2049,1037,537,263,130,75,37,18,12,5,0,4,2,1,1,0
32861,16258,8262,4038,2082,983,491,260,131,74,31,13,7,5,2,2,0,0,0,0
32876,16361,8197,4003,2021,1046,486,267,142,63,25,13,7,2,2,1,0,0,1,0
32971,16276,8209,4107,2114,1000,498,231,109,67,33,9,5,3,1,0,1,1,0,0
33073,16520,8125,4061,2047,1012,481,254,120,63,26,13,9,1,2,1,0,2,0,0
32545,16477,8178,4080,2086,1012,498,263,125,52,26,17,4,5,3,0,1,0,0,0
32590,16446,8024,4100,2063,1044,526,254,124,75,29,12,12,6,4,1,1,0,0,0
32839,16425,8076,4077,2094,960,536,263,122,79,30,18,6,3,3,2,1,0,0,0
32743,16472,8126,4067,2030,1028,500,251,120,62,36,19,9,5,2,1,0,0,0,0
32828,16415,8203,4002,2102,1036,480,276,118,70,30,10,5,1,2,1,1,0,0,0
32521,16419,8313,4129,2037,992,530,266,118,64,24,10,6,2,4,0,1,0,0,1
32546,16498,8121,4051,2002,1037,526,286,122,65,41,17,11,3,4,1,0,0,0,0
32947,16466,8247,4067,2052,964,507,245,113,61,28,14,6,4,4,2,2,0,0,0
32821,16494,8135,4088,2063,956,521,286,127,56,39,13,8,2,2,0,1,0,1,0
32987,16351,8198,3994,2027,1015,511,272,112,74,24,15,4,4,1,0,0,0,0,0
32865,16653,8030,4087,2014,978,500,260,128,68,29,13,12,5,0,1,1,0,0,0
32858,16412,8150,4040,2030,966,520,258,138,59,27,15,10,6,1,1,0,0,0,0
32699,16514,8096,4056,2049,1079,504,271,102,59,31,10,12,1,1,0,0,0,0,0
32988,16465,8081,4017,2060,985,534,272,123,68,21,15,6,4,1,1,1,0,0,0
32708,16349,8172,4155,2008,996,531,267,110,64,31,13,8,5,3,1,2,0,0,0
32627,16540,8085,4045,2097,985,514,278,115,65,27,11,6,3,0,0,1,0,0,0
32986,16453,8233,4007,2058,996,480,271,111,72,19,16,6,3,6,0,0,0,0,0
32923,16380,8197,4060,2074,991,510,236,128,63,28,18,7,2,1,5,0,2,0,1
31863,16157,8220,4234,2138,1118,571,303,186,91,67,31,20,12,7,4,7,1,0,2
32732,16549,8234,4060,2030,1013,490,251,123,54,28,19,8,1,3,1,1,1,0,0
32760,16420,8076,4077,2040,1018,528,264,132,76,29,17,7,2,1,1,0,0,0,0
32880,16327,8199,4076,2057,1032,507,277,132,59,23,15,7,7,1,2,1,0,0,0
32986,16437,8100,4114,2008,996,517,248,127,63,16,14,8,3,1,0,0,0,0,0
32630,16344,8165,4086,2137,1017,522,276,117,66,34,15,10,4,3,0,1,1,0,0
31869,16079,8251,4115,2247,1153,592,324,159,81,63,33,28,10,9,7,1,1,0,1
32860,16389,8155,4006,2105,961,524,254,135,63,35,19,7,3,5,0,1,1,0,0
32909,16491,8115,3993,2111,996,489,258,140,52,19,16,9,2,5,3,1,0,0,0
32866,16519,8266,4029,2029,1022,499,232,121,51,36,14,13,4,2,2,0,0,0,0
33117,16467,8154,4045,2034,985,477,234,131,64,34,12,10,2,3,2,1,0,0,0
32816,16656,8151,3981,2012,993,541,256,112,63,34,14,12,6,3,1,0,0,0,0
32451,16379,8127,4130,2029,978,528,288,129,76,29,14,13,5,3,0,1,0,0,1
32669,16423,8187,4102,2045,1005,514,265,147,73,31,16,7,4,1,2,0,0,0,1
32927,16411,8144,4005,2104,1011,489,260,137,54,19,13,12,2,3,0,0,0,0,0
33036,16453,8132,4085,2076,963,516,242,125,66,28,11,6,7,3,2,0,1,0,0
32969,16555,8204,3957,1990,1022,500,262,135,62,31,13,8,2,1,3,0,0,0,0
33116,16374,8069,4029,2121,999,497,260,129,64,35,11,7,3,1,1,0,0,0,0
32787,16445,8128,4023,2037,991,537,269,125,65,29,17,9,2,2,1,0,0,0,0
32863,16549,8113,4042,1997,977,523,255,128,74,24,16,8,5,1,2,0,0,0,0
32765,16353,8274,4114,2003,1050,480,259,132,70,33,13,8,1,0,0,2,0,0,0
32125,16280,8236,4117,2118,1066,549,300,144,86,46,23,21,4,8,1,1,0,0,1
33110,16369,7979,4166,2039,988,523,243,136,65,22,13,8,3,2,1,0,0,0,0
33016,16447,8227,4076,2088,982,459,254,112,57,31,18,8,4,1,0,0,1,0,0
33041,16558,8081,4044,2008,948,510,272,134,59,26,10,13,3,4,2,0,0,0,0
32874,16453,8139,4100,2071,986,501,256,121,58,40,18,7,4,1,0,0,0,0,0
32864,16374,7896,3950,1967,939,465,247,128,55,31,14,7,9,2,1,0,0,0,0
32529,16401,8202,4075,2056,976,521,280,128,63,36,11,7,5,4,1,1,1,1,0
32908,16360,8196,4111,2031,978,509,251,138,57,32,12,9,3,1,3,3,1,0,0
33061,16487,8202,3925,2115,990,499,241,122,63,34,11,5,8,1,1,0,0,1,0
32713,16333,8362,4011,2029,957,520,271,124,61,25,22,8,4,0,3,0,0,0,0
32840,16495,8114,4126,2072,996,490,258,133,65,28,15,10,7,4,0,0,0,0,0
32936,16364,8046,4167,2043,996,529,244,130,55,30,13,12,1,3,2,0,0,0,0
33043,16423,8141,3989,2040,1000,522,228,140,67,37,14,11,4,2,2,1,0,0,0
32648,16386,8160,4025,2049,1000,541,273,137,58,31,14,8,4,5,0,0,0,0,0
32912,16588,8099,3996,2007,955,498,275,132,63,23,15,9,1,2,1,2,1,1,0
32984,16266,8233,4050,2098,969,491,270,127,50,32,14,13,2,3,5,1,0,0,0
32951,16413,8131,4046,2105,1005,470,288,112,63,33,11,15,3,1,1,0,1,0,0
33002,16426,8307,4026,1949,967,519,255,109,69,27,16,11,4,2,4,0,0,0,0
33256,16451,8134,3908,2029,1037,486,265,128,58,36,17,8,4,2,0,0,0,0,0
32434,16369,8152,4026,2068,1036,517,256,142,65,41,8,7,9,2,2,0,2,1,0
33083,16327,8146,4015,2042,1008,502,225,148,66,30,19,11,6,3,1,2,1,0,0
33005,16382,8185,4031,2057,956,471,231,121,49,26,20,6,6,2,0,1,0,0,0
33019,16467,8110,4001,2021,994,512,263,119,66,35,18,13,2,3,3,0,0,0,0
32995,16362,8139,3997,2013,1046,502,259,131,64,37,15,6,5,1,1,1,2,0,0
32664,16503,8090,4124,2032,968,555,274,110,61,36,16,4,2,4,0,0,1,0,0
32377,16470,8227,3984,2052,1061,548,255,150,73,29,21,10,9,4,1,1,2,1,0
32729,16554,8220,4019,2011,1009,509,275,143,48,36,13,5,4,2,2,0,0,0,0
32935,16518,8122,4058,2034,1003,502,239,133,58,32,13,5,4,1,2,2,0,0,0
32866,16338,8183,4102,2022,960,531,266,142,43,29,12,10,0,3,1,0,0,0,0
32875,16606,8137,4061,2033,974,479,271,135,74,30,13,9,2,1,1,1,0,0,0
32851,16386,8136,4122,2021,1032,483,262,143,61,29,8,11,4,2,0,3,0,0,0
33000,16489,8056,4067,2066,1003,495,254,133,77,27,6,10,2,1,1,0,0,0,0
32668,16556,8110,4098,2008,1054,502,248,124,75,26,9,8,3,2,2,0,0,0,0
32841,16633,8145,4024,2007,1002,520,242,122,58,43,12,5,6,1,1,0,1,0,0
32852,16519,8246,4046,2047,974,502,251,136,58,30,10,11,9,1,0,0,1,0,0
33223,16360,8209,4032,2026,1024,495,259,139,48,20,15,6,2,0,1,1,0,0,0
32765,16458,8232,4017,2038,1034,500,257,121,59,29,11,16,2,1,0,2,1,0,0
32765,16453,8188,4084,2045,990,483,285,127,65,29,24,7,3,0,5,0,0,0,0
33203,16382,8064,4012,2030,995,542,250,139,64,25,11,10,4,2,1,1,1,1,0
33083,16335,8195,4036,1988,995,477,251,128,67,35,12,6,1,2,0,0,0,1,1
32706,16550,8021,4154,2084,1009,569,250,140,70,35,19,12,10,3,2,1,0,0,1
32200,16447,8274,4201,2138,1067,549,263,152,62,39,23,12,6,3,1,1,0,0,0
30948,15802,8122,4201,2312,1213,663,397,242,140,93,58,35,12,18,6,9,6,4,1
28426,15163,8013,4456,2536,1455,896,565,364,226,146,111,71,41,36,26,20,11,14,1
32865,16387,8130,3996,2028,1020,552,272,119,57,29,18,2,2,0,1,2,0,1,0
32940,16495,8113,4070,2010,993,503,277,132,60,30,13,5,2,3,2,0,1,0,0
32913,16418,8204,4059,2080,973,498,227,137,77,27,14,13,2,1,3,0,0,0,0
32946,16466,8086,4166,2032,949,517,269,121,64,27,21,10,3,0,0,1,0,0,0
33117,16354,8148,3952,2022,975,562,259,115,69,25,13,7,4,3,0,1,1,1,0
33068,16300,8113,4208,2028,1010,521,233,108,68,32,11,12,1,4,0,0,0,0,0
33006,16454,8209,3978,2033,1035,505,267,119,54,29,15,9,7,2,0,0,1,0,0
32935,16364,8209,4159,2022,978,477,250,146,60,26,10,5,8,2,2,1,0,0,0
33054,16327,8092,4071,2011,1020,526,280,129,64,31,19,6,1,1,2,0,1,0,0
32936,16483,8166,4141,1967,1018,555,283,115,63,24,18,10,4,1,2,0,0,0,0
32552,16519,8170,4105,2035,1013,492,266,134,68,31,17,7,2,0,2,1,0,0,0
32859,16492,8090,4035,2040,971,515,285,113,61,34,21,8,3,2,1,0,0,0,0
32522,16554,8222,4077,2010,1041,534,277,140,68,30,14,15,8,2,0,0,0,0,0
32912,16445,8132,4074,2032,989,500,255,121,74,31,19,12,3,1,2,0,0,0,0
33120,16579,8191,3990,2036,982,462,245,131,60,34,13,13,7,2,2,0,0,0,0
32531,16287,8002,4051,2036,955,509,263,109,63,32,11,10,3,0,1,1,0,0,0
32897,16498,8196,4050,2100,999,513,257,117,64,25,15,6,4,1,3,0,0,0,0
32134,16392,7992,3983,2076,983,530,296,150,71,39,23,16,7,3,2,0,1,0,0
32860,16266,8230,4009,2054,1015,489,256,127,60,36,16,11,4,4,1,1,0,0,0
32669,16196,7993,4041,1984,1047,539,307,123,70,41,20,9,2,4,1,2,0,1,0
32786,16410,8122,4073,2030,976,522,286,134,64,30,15,8,0,6,1,0,0,0,0
32994,16548,8300,3966,2033,1014,526,234,122,54,30,12,8,3,2,0,0,0,0,0
32886,16451,8069,4000,2086,1040,536,258,130,68,33,12,6,6,1,2,2,1,0,0
33132,16440,8216,3951,2043,1016,522,249,105,62,28,13,8,4,4,2,0,0,1,0
32818,16474,8235,4026,2035,1005,525,256,118,66,24,12,4,2,3,0,0,0,0,0
32949,16507,8184,4036,2004,984,483,292,124,65,28,14,8,1,1,1,0,0,0,0
32998,16654,8189,3949,2017,984,504,244,127,70,32,23,7,7,3,1,0,0,0,0
32519,16022,8001,4075,2100,1051,547,265,137,83,37,18,14,6,1,1,3,0,0,0
32932,16508,8144,4024,2113,991,489,260,114,58,22,15,10,4,3,0,1,1,0,0
32549,16184,8084,4076,2092,1025,544,269,140,59,26,15,16,7,2,1,2,0,0,0
32803,16319,8186,4119,2055,979,504,298,114,58,24,15,14,1,1,0,1,0,0,0
32429,16181,7993,4129,2135,1020,545,253,149,84,34,14,12,8,2,1,1,0,0,1
32520,16423,8118,4069,2013,993,519,254,149,60,35,18,12,7,3,0,2,0,0,0
32776,16191,7955,4130,2080,1028,548,244,148,75,40,23,8,5,1,1,1,0,0,0
32908,16560,8017,4111,1988,1015,517,258,114,70,35,12,10,3,3,2,0,0,0,0
32813,16252,8049,4046,2019,1037,524,247,155,56,37,15,8,3,3,2,4,0,0,0
33214,16307,8091,3957,1929,984,516,255,147,43,36,11,4,5,0,0,1,1,0,0
32350,16121,8088,4129,2109,1076,572,289,158,66,46,24,17,8,3,4,0,0,0,0
33105,16376,7995,4010,1984,991,497,265,114,57,34,14,9,4,3,2,1,0,1,0
33080,16131,8169,4075,2014,986,510,257,115,64,30,15,12,3,2,0,2,1,0,0
32788,16402,8208,4170,2043,979,528,236,136,53,26,21,9,2,1,0,0,0,0,0
32493,16337,8093,4028,2081,1010,534,268,159,66,43,16,7,3,2,2,2,0,1,0
32743,16710,8077,4010,2068,981,535,242,127,64,35,19,3,3,1,1,1,0,1,0
32743,16535,8214,4100,2079,966,521,246,111,69,25,20,9,3,4,1,0,0,1,0
33032,16439,8026,3984,2046,1003,497,224,124,53,30,14,12,2,1,1,2,2,0,0
32929,16508,8107,4020,2029,986,543,246,133,64,34,12,11,3,1,2,2,1,0,0
32798,16491,8131,3943,2074,1019,510,275,128,55,30,25,4,7,1,1,1,0,0,0
31409,16013,8240,4188,2214,1078,640,328,170,116,63,41,24,9,15,9,3,5,3,2
33139,16591,8139,3954,2011,969,521,261,120,72,22,12,9,4,0,4,1,1,0,0
33146,16476,8138,3998,2003,1013,514,257,129,52,34,22,15,3,0,3,1,0,0,0
32671,16553,8085,4068,2073,1076,484,256,123,61,28,10,15,5,1,1,1,0,0,0
32938,16426,8277,4015,2039,1000,509,221,138,72,21,15,8,6,1,3,2,0,0,0
32595,16250,8274,4186,2046,966,496,289,111,66,39,9,4,2,3,1,0,0,1,0
32979,16441,8050,4099,1986,1028,533,265,124,59,35,8,8,3,2,1,1,0,0,0
32764,16428,8184,4078,2072,1003,507,253,119,65,34,14,13,2,2,1,0,0,0,0
33106,16048,7923,3802,1908,951,455,224,108,66,36,10,8,2,0,1,1,0,0,0
32361,16054,8113,4103,1994,1042,554,257,158,79,41,25,11,2,2,1,0,0,0,0
32858,16546,8102,4095,2066,955,502,253,105,59,35,17,3,2,1,1,1,0,0,0
33035,16626,8028,4014,2001,962,523,256,126,73,35,26,5,5,0,0,0,0,0,0
33002,16439,8207,3989,2029,963,500,255,132,72,38,13,8,2,7,0,0,0,0,0
32953,16347,8169,4077,2079,1005,487,238,130,84,31,23,5,4,2,1,0,1,0,0
32938,16544,8009,4052,2062,1000,518,272,104,61,27,19,9,4,0,2,1,1,0,0
32739,16194,7933,4070,2042,1004,537,274,113,62,31,14,8,4,0,0,1,0,0,0
32860,16394,8160,4062,2092,1010,493,265,110,59,32,18,5,8,1,1,0,0,1,0
32702,16577,8151,4009,2140,1003,480,235,134,62,25,16,9,2,2,1,0,0,0,0
33087,16528,8066,4137,2002,969,518,272,109,56,32,15,12,4,3,1,0,0,0,0
32878,16540,8302,4022,2017,993,491,250,119,60,27,13,9,0,1,1,1,0,0,0
32904,16474,8209,3987,2068,1022,500,246,123,61,34,18,13,5,0,0,1,0,0,0
32378,16503,8255,4086,2118,1059,523,273,131,67,41,26,12,4,4,1,3,1,0,1
33064,16485,8179,4050,2048,929,505,263,137,58,32,15,5,2,1,0,0,0,0,0
32811,16598,8139,4151,2062,942,519,233,115,66,24,14,9,1,0,1,3,0,0,0
32658,16372,8131,3990,2114,939,534,253,153,64,35,20,8,3,1,0,1,0,0,0
33113,16439,8241,4082,2068,933,516,236,104,51,33,11,10,2,1,2,1,1,0,0
32262,16382,8274,4214,2056,1044,553,282,150,74,43,23,10,10,3,3,3,1,1,0
32169,16163,8110,4077,2159,1079,565,298,162,92,45,25,11,5,3,2,0,1,0,0
33044,16531,8133,4053,2022,981,510,272,125,70,22,18,6,4,0,1,1,0,0,0
32805,16476,7988,4042,1977,1030,527,286,139,63,29,20,15,3,1,3,0,1,0,0
33015,16533,8215,4073,1975,994,500,249,115,61,29,16,7,3,3,1,1,0,0,0
32827,16385,8046,4082,2044,955,527,279,134,77,31,18,5,4,2,1,1,1,1,0
32795,16250,8100,4151,2103,962,565,249,129,68,30,18,9,9,2,1,1,0,0,0
32926,16481,8064,4044,2035,1054,521,264,125,56,29,15,10,3,3,0,2,0,0,0
32540,16538,8120,4044,2007,994,536,264,137,67,33,7,5,7,2,3,0,0,0,1
32520,16243,8125,4134,2094,1085,551,265,148,80,37,17,15,6,4,3,0,0,0,0
32778,16601,8132,3963,2014,997,538,264,125,64,28,18,13,6,0,3,2,0,0,0
33024,16413,7998,4022,2074,979,556,270,128,68,34,11,9,4,3,2,2,0,1,0
33116,16507,8104,4086,1992,948,507,273,132,63,40,16,9,0,0,2,1,1,0,0
32639,16090,8182,4069,2055,1032,525,290,132,71,38,16,14,3,1,1,1,1,0,0
32493,16389,8168,4041,2003,1045,558,244,133,77,35,20,7,2,1,1,0,0,0,0
32869,16798,8190,3988,2048,969,489,251,125,61,30,19,2,2,1,0,0,1,0,0
31514,16084,8200,4219,2214,1127,636,330,195,105,77,42,18,6,14,11,4,3,3,1
33037,16310,8106,4006,2101,998,533,253,124,54,38,16,10,5,1,4,1,0,0,0
32600,16332,8017,4028,2048,983,559,294,156,77,35,11,8,4,3,3,2,0,0,0
32974,16376,8113,4118,2004,1026,507,250,109,68,33,11,11,3,2,2,0,0,0,0
32256,16213,8163,4142,2082,1043,579,312,143,71,50,23,11,9,6,2,2,0,0,1
32840,16315,8045,4092,2065,998,515,258,143,70,31,16,11,3,4,0,0,1,0,0
32933,16351,8078,3929,2019,1038,520,262,128,67,42,17,16,7,3,3,1,1,0,0
32948,16557,8313,3972,2018,959,523,262,117,62,20,15,9,2,2,1,0,1,1,0
33090,16319,8187,4053,2006,997,552,243,135,58,31,19,6,3,1,1,1,0,0,0
32847,16339,8139,4173,2050,954,513,267,118,79,23,12,11,2,5,2,0,0,0,0
32617,16641,8278,3972,2035,1016,517,235,127,75,41,14,7,4,3,2,0,0,0,0
32938,16304,8240,4024,2070,1006,497,238,135,62,37,6,8,4,2,1,0,1,1,0
33148,16555,8068,4045,1998,1000,517,250,135,66,24,17,8,6,3,0,0,0,0,1
32989,16271,8119,4134,2016,968,544,275,128,45,29,15,7,5,3,0,0,0,0,0
32512,16417,8254,4099,2021,1014,481,250,135,69,33,19,11,2,1,1,0,0,0,0
32859,16545,8173,4053,2067,1008,489,242,128,60,27,15,8,1,4,1,0,0,1,0
32850,16693,8139,4083,2050,932,510,226,129,50,29,19,11,2,1,2,1,0,0,0
32522,16506,8134,4157,2034,1000,549,266,114,78,32,16,13,6,4,0,1,0,0,0
33003,16573,8193,4010,2041,993,473,252,118,61,19,19,9,3,2,2,2,1,0,0
32704,16242,8112,4060,2040,1011,529,284,113,72,33,15,7,1,2,2,1,1,0,0
32992,16426,8095,4160,2020,988,506,242,128,64,31,14,8,3,4,2,0,2,0,0
32897,16490,8207,4020,2059,978,487,244,126,50,24,16,6,3,2,1,0,0,0,0
33508,15944,7485,3685,1844,837,463,223,102,55,25,14,6,4,4,0,0,1,0,0
32826,16689,8114,4101,1997,967,491,226,142,55,28,18,14,5,0,0,0,0,0,0
32209,16175,8268,4081,2091,1009,533,298,125,81,34,21,13,4,3,1,2,0,0,0
32554,16690,8102,3980,2070,1022,523,250,116,44,29,13,15,4,2,0,1,1,0,0
32671,16516,8229,4020,2017,1013,514,244,124,65,36,18,9,3,4,2,2,3,0,0
32931,16533,8178,4022,1956,1034,522,266,130,56,26,14,14,7,2,1,0,0,0,0
31376,15957,8111,4189,2288,1196,659,322,226,120,67,50,25,11,11,11,3,4,0,4
32804,16606,8022,4050,2045,963,530,250,126,64,31,10,17,5,0,1,1,1,0,0
33066,16464,8034,4125,1997,967,552,275,124,55,25,11,7,4,3,0,0,0,0,0
32325,16149,8252,4091,2066,1064,562,316,159,88,43,27,14,3,6,5,1,1,0,1
32829,16660,8163,3996,2081,963,518,236,136,47,22,17,10,3,1,0,1,1,0,1
32845,16561,8209,4082,1963,1007,515,244,126,52,27,19,8,0,2,4,0,0,0,0
32483,16454,8001,4075,2117,962,534,270,138,73,30,15,12,10,4,1,0,1,0,0
32575,16330,8150,4147,2019,1022,505,291,127,54,31,23,10,3,3,0,0,1,0,0
32875,16425,8086,4109,2051,1006,521,264,111,70,27,18,8,6,2,1,0,0,0,0
32646,16362,8211,4100,2087,954,535,233,126,58,29,24,11,2,3,0,0,0,0,0
32899,16377,8278,4014,2077,974,511,270,115,56,30,12,9,3,2,1,1,0,0,0
32684,16366,8244,4107,2088,974,519,253,119,77,28,16,3,5,2,3,1,1,0,0
32682,16520,8137,4097,2051,976,548,246,122,56,30,11,7,3,0,0,1,0,0,0
32388,16314,8329,4028,2188,1087,573,280,137,79,32,17,16,4,5,2,3,0,0,0
33061,16361,8182,4068,2064,991,530,235,141,59,20,13,12,3,2,3,0,0,0,0
33004,16462,8151,4063,2022,963,503,255,115,72,31,14,9,5,1,1,0,0,0,0
32532,16410,8055,4059,2054,1006,564,284,124,70,23,17,9,4,2,1,1,0,1,1
33043,16509,8072,4047,1977,984,486,283,137,70,37,14,11,2,3,3,0,0,1,0
32488,16263,8237,4060,2022,1040,522,281,120,73,40,16,8,3,4,1,0,0,0,0
32962,16502,8167,4048,2009,942,516,255,117,70,31,10,9,5,2,0,0,0,0,0
32803,16418,8120,4050,2042,992,539,283,124,61,26,11,7,6,2,3,1,0,0,0
29643,15584,7762,4095,2159,1219,665,387,197,98,69,38,29,7,10,3,3,3,2,1
33081,16198,8151,4069,2072,1051,511,248,115,70,33,14,8,1,2,1,0,0,0,0
32758,16203,8103,4193,2078,1019,536,270,137,66,29,17,11,5,0,1,1,1,0,0
28819,15227,8024,4162,2230,1205,746,373,194,108,82,40,28,14,11,2,1,4,1,0
30561,15926,7899,3925,2129,1106,609,340,177,110,56,34,25,15,10,6,0,1,2,0
29674,15335,7929,4134,2244,1150,615,328,215,124,52,47,35,20,10,2,7,1,1,2
32802,16361,8235,3982,2086,1016,507,254,123,76,22,13,7,4,3,1,1,0,1,0
32773,16519,8075,4091,2057,997,532,267,119,73,22,24,8,3,2,0,0,1,0,0
32795,16380,8185,4096,2032,1039,545,230,130,60,30,19,6,2,3,2,0,1,0,0
32017,16397,8133,4196,2090,1016,519,318,145,76,27,22,6,6,2,0,0,0,0,0
28784,15241,7848,4010,2172,1171,662,385,196,143,76,53,35,27,18,11,6,3,2,5
28988,14785,7813,3978,2042,1055,505,267,141,66,41,17,11,3,3,0,0,1,0,2
31608,15973,8105,4132,2104,1083,558,319,145,78,47,29,10,7,3,2,1,1,0,0
31744,15970,8366,4058,2086,1100,538,316,129,72,35,22,15,6,6,3,3,4,2,1
32879,16440,8143,4068,1989,1038,522,277,113,75,25,15,6,3,2,1,0,0,0,0
30644,15578,8124,4126,2116,1149,586,345,187,106,59,34,10,9,9,0,1,0,0,0
28318,14748,7416,4012,2184,1150,631,379,210,133,65,47,25,17,15,4,3,9,0,3
29763,15372,8143,4135,2212,1189,607,320,187,111,55,35,21,13,6,6,1,0,0,1
32753,16351,8074,4111,2023,1013,520,283,122,80,36,17,5,4,0,2,1,0,0,0
32253,16304,8108,4177,2129,994,495,266,160,64,35,10,9,10,3,1,2,0,0,0
30839,15643,7882,4078,2167,1093,628,320,183,95,65,30,23,13,12,9,5,0,4,2
32538,16219,8173,4079,2039,1068,549,253,147,78,30,17,9,3,8,2,1,0,1,0
31481,16053,8000,4112,2238,1096,588,261,162,83,49,16,7,5,6,0,0,0,0,0
30019,15205,7700,3926,2003,1001,493,269,121,79,31,21,7,7,4,3,1,0,0,0
32152,16189,7984,4118,2072,1006,559,314,134,78,47,22,10,7,3,0,1,0,0,0
32523,16250,8314,4045,2065,1020,558,265,136,62,34,16,9,4,4,1,2,0,0,0
31005,16240,8295,4256,2200,1023,553,245,120,61,34,14,14,3,0,0,0,1,1,0
30388,15595,8000,4061,2179,1110,612,320,176,107,64,42,14,12,10,3,0,1,0,0
32401,16374,8110,4129,2132,1018,542,248,115,49,29,18,14,4,3,1,1,0,0,0
32674,16429,8277,4043,2054,1064,506,264,117,63,29,9,6,5,1,1,0,1,0,0
29970,15607,7804,4135,2123,1171,617,343,193,119,61,32,27,9,12,8,6,6,3,3
31751,16181,7993,4098,2147,1110,578,285,141,73,38,26,12,9,5,1,2,0,0,0
29773,15765,7823,4085,2198,1182,614,337,169,118,61,45,30,12,4,5,1,2,2,1
32595,16170,8151,4124,2134,1047,526,277,145,44,27,13,2,2,3,0,0,0,0,0
32215,16497,8215,4045,2010,1091,545,231,146,59,46,18,15,3,1,0,1,1,0,0
32845,16168,8258,4138,2023,1059,489,271,130,72,26,21,5,5,5,0,0,0,0,0
30153,15738,7958,4100,2173,1150,609,331,192,109,64,28,24,13,7,5,2,3,2,0
32416,16318,8122,4126,2057,1027,509,266,136,66,31,14,16,6,1,5,0,0,0,0
31799,16108,8263,4141,2124,1057,540,277,127,89,34,25,7,2,1,4,0,0,0,0
31404,15893,8054,4175,2166,1143,554,311,159,72,55,25,8,5,5,1,0,0,1,0
31852,16006,8136,4092,2141,1075,564,265,141,88,46,16,11,7,3,2,1,0,0,0
31349,15923,8025,4041,2149,1097,552,276,159,100,42,30,8,10,3,7,4,0,0,0
31226,15962,8134,4193,2156,1060,558,286,153,94,43,18,11,2,2,1,1,1,1,0
32226,16219,8067,4162,2102,1078,543,237,139,71,34,15,8,3,2,0,2,1,1,0
32190,16191,8253,4205,2131,997,523,277,141,74,27,24,10,4,4,1,0,0,1,0
31872,16175,7988,4073,2157,1086,589,263,137,81,44,28,7,9,1,1,0,0,1,1
31489,15892,8159,4180,2119,1125,604,285,136,72,40,24,12,5,2,1,2,0,0,0
30741,15458,7865,4166,2053,1170,652,327,155,88,69,25,15,8,2,4,1,2,2,0
30357,15359,7850,4058,2133,1088,560,323,156,86,57,21,17,14,1,3,3,3,0,0
31320,15914,7949,4098,2098,1088,601,303,156,91,57,26,21,9,5,9,3,3,1,1
32737,16331,8131,3981,2073,1081,504,249,123,80,38,19,11,4,1,1,3,0,0,0
32202,16209,8170,4071,2091,1049,525,255,123,80,32,17,10,4,1,2,0,0,1,1
30633,15582,7769,4044,2020,1158,557,286,119,81,39,25,15,4,3,0,0,1,0,0
32718,16414,8150,4073,2045,1018,537,229,113,65,26,13,2,1,4,0,2,0,0,0
32239,16212,8104,4249,2096,1067,517,270,139,79,25,25,5,2,3,1,1,2,0,0
29964,15647,7952,4101,2116,1146,593,374,180,109,71,36,19,10,5,7,1,2,1,0
30338,15683,7905,4162,2159,1168,642,308,168,106,59,23,15,9,3,3,2,0,1,1
29398,15493,7912,4012,2144,1191,676,376,218,112,71,43,24,11,7,9,0,1,0,1
31164,15624,7930,4261,2142,1137,630,310,159,102,48,31,9,4,3,0,2,0,0,0
32403,16331,8033,4245,2063,1063,517,271,137,53,35,11,9,6,5,1,0,0,0,0
28065,14589,7490,4021,2057,1148,675,399,231,148,101,76,64,42,43,32,37,29,17,18
31197,15930,7816,3958,1957,1004,521,247,130,50,30,14,11,5,3,6,2,6,2,1
30790,15878,8122,4141,2169,1103,608,290,172,75,41,23,14,3,2,2,1,0,0,0
31629,16381,8399,4114,2082,1040,516,249,137,85,42,12,10,3,3,1,0,0,1,0
29612,15491,7839,4188,2194,1245,682,322,215,126,68,40,21,8,7,3,4,1,3,0
32285,16255,8206,4069,2089,1062,549,232,134,81,24,16,11,4,5,3,0,0,0,0
31782,16448,8054,4124,2076,1069,564,303,119,72,32,18,9,8,5,0,2,1,0,0
32186,16212,8076,4256,2062,1123,511,269,138,58,32,17,10,4,1,3,0,1,0,0
30813,15930,7999,4193,2168,1106,604,323,169,93,50,25,14,10,5,2,1,0,0,0
32131,16008,8056,3982,1990,1111,509,274,133,65,25,17,5,8,1,0,0,1,0,0
32404,16142,8082,4154,2036,1015,594,253,134,66,32,14,7,4,4,0,3,0,0,0
30499,15802,7906,4050,2128,1089,640,337,175,112,46,36,22,13,9,2,2,5,2,1
29520,15345,7918,4273,2256,1216,662,320,163,109,64,32,16,9,4,1,1,1,0,0
30679,15897,8041,4169,2200,1166,598,291,136,78,50,22,13,4,3,3,1,0,0,0
32589,16348,8202,4159,2093,1016,487,265,130,65,37,19,15,5,5,0,0,0,0,0
32554,16283,7983,4141,2079,1049,515,261,143,69,31,16,6,5,0,0,1,1,0,0
32224,16071,8036,4154,2135,1079,530,267,151,77,38,24,17,6,1,2,0,0,1,0
31465,16052,8178,4143,2146,1074,582,292,137,74,42,20,7,7,3,1,2,1,0,0
32184,16180,8232,4153,1975,1057,508,272,149,65,36,21,7,4,2,4,0,0,2,0
31167,16010,8004,4183,2049,1131,571,332,162,75,37,17,9,6,3,0,0,0,1,1
32081,16427,8216,4184,2107,1035,523,269,113,81,31,17,9,4,4,0,0,1,0,0
32433,16106,8129,4161,2063,1040,508,262,139,77,32,15,8,3,1,4,1,0,1,0
21359,14245,7347,4275,2407,1366,863,521,310,183,161,69,72,44,57,13,16,10,10,3
32045,16286,8145,4101,2125,1056,547,288,141,66,41,25,11,4,2,0,0,0,0,0
31591,15993,8204,4051,2036,1075,550,297,153,85,43,25,14,4,4,2,2,2,0,1
29058,15505,7786,4078,2232,1153,644,354,208,124,75,63,30,22,18,5,4,2,6,2
32409,16305,8179,4187,2023,1050,533,256,118,69,35,19,9,4,1,3,1,0,0,0
32312,16237,8236,4177,1975,1030,503,249,141,71,44,20,6,2,4,0,1,1,0,0
32311,16466,8213,4084,2088,1041,524,258,122,56,31,21,8,5,0,1,0,1,0,0
31956,16194,8154,4052,2115,1080,557,285,137,70,32,18,20,4,0,3,1,1,0,0
32215,16104,7994,4047,2043,1003,550,264,160,58,37,22,10,13,9,1,7,7,6,2
32686,16369,8214,4127,2093,1059,526,261,110,63,33,11,4,4,2,1,0,0,1,0
28827,15364,7605,4144,2263,1262,629,402,211,129,61,50,24,9,8,4,1,2,0,0
32172,16285,8251,4185,2061,1011,583,247,136,55,33,21,9,6,3,0,0,0,0,0
31331,15994,8159,4263,2074,1077,548,298,160,79,44,26,7,4,3,3,2,0,0,0
30192,15627,7884,4235,2091,1125,606,321,192,130,69,26,21,11,2,4,2,0,1,0
29951,15929,7860,4174,2110,1152,631,312,193,107,61,35,14,12,4,1,2,2,0,1
30359,15607,7841,4100,2134,1172,684,356,195,82,43,39,15,13,3,6,2,0,0,0
31893,15929,7951,4150,2137,1129,566,283,142,79,40,25,7,6,3,3,4,2,1,0
32754,16295,8100,4163,2051,1016,522,262,117,67,41,13,3,3,1,0,0,1,0,0
31975,16161,8242,4177,2154,1009,526,279,143,85,36,13,9,8,1,0,1,0,0,0
31914,16188,8170,4141,2118,1046,538,257,154,74,22,14,12,3,4,2,1,0,1,0
32602,16255,8227,4064,2062,1035,474,294,133,65,34,21,6,1,0,0,0,0,0,0
31243,15894,8193,4139,2109,1078,556,314,157,86,41,34,10,11,4,2,0,0,0,0
32377,16269,8434,4016,2129,1014,518,259,117,80,27,11,8,3,2,0,1,0,0,1
29990,15336,7961,4171,2245,1182,643,351,178,113,46,28,22,14,6,4,0,2,0,0
30131,15584,7966,4147,2272,1138,582,338,178,104,57,32,11,12,7,3,3,1,1,0
28971,15187,7961,4221,2245,1202,701,369,201,105,46,32,21,11,7,3,3,2,0,2
31822,16231,8244,4157,2002,1089,531,285,132,71,37,24,12,4,8,1,2,0,0,0
31958,16252,7936,4111,2095,1132,513,288,149,64,42,23,14,7,3,2,0,2,0,0
32484,16474,8280,4043,2055,1021,518,260,123,59,35,18,7,9,4,1,0,0,0,0
30672,15283,7688,3965,2124,1083,526,303,180,104,83,86,40,37,29,24,15,26,15,20
31917,16016,8062,4117,2160,985,550,305,137,87,37,19,17,9,5,4,0,0,1,0
31869,16212,8135,4164,2120,982,538,254,125,96,41,19,5,5,2,1,0,0,0,0
32052,16157,8164,4193,2031,1040,569,252,141,63,34,13,13,3,6,1,0,1,0,1
31863,16224,8041,4164,2190,1034,574,294,141,64,39,19,8,2,4,1,2,1,0,0
32602,16288,8271,4078,2028,1043,522,238,120,57,38,17,7,4,3,1,0,0,0,1
29403,15421,7776,4159,2288,1233,695,364,182,116,74,38,26,10,6,11,2,1,1,0
30679,15804,8060,4044,2090,1061,576,310,178,86,65,35,25,14,13,6,4,5,4,2
28811,15194,7897,4226,2290,1234,683,344,224,118,70,47,23,12,5,3,2,1,1,0
32605,16157,8227,4160,2042,1077,501,266,122,72,26,15,9,5,1,1,1,0,0,0
22573,11459,5752,2914,1450,785,379,186,96,51,21,12,7,1,2,1,0,0,0,0
29259,15056,7634,3929,2088,1057,558,309,179,104,54,22,16,13,6,7,2,4,5,2
30091,15526,7902,4191,2228,1122,615,339,167,114,50,27,15,14,7,4,2,2,2,1
31497,16057,8143,4146,2209,1101,539,299,148,79,36,24,6,7,4,1,0,0,0,0
29086,15320,7921,4268,2242,1166,640,361,207,138,49,34,23,17,9,5,2,1,3,0
32849,16150,8220,4078,2055,1073,498,265,125,63,32,15,6,3,0,0,0,0,0,0
31318,15746,8017,4039,2006,1034,541,273,119,77,31,22,14,5,2,0,0,2,0,0
32262,16203,8204,4097,2056,1035,549,252,139,68,51,19,7,5,0,0,2,1,0,0
29340,15502,7808,4249,2185,1150,640,376,207,121,59,34,21,14,6,2,3,4,3,2
30363,15667,8004,4188,2117,1189,610,313,161,84,56,31,17,7,7,4,1,2,1,1
31072,16094,8165,4028,1978,1107,594,296,165,94,53,31,12,9,12,2,4,1,0,2
31855,16137,8064,4154,2134,1057,547,302,147,64,34,14,9,2,3,0,0,0,1,1
32286,16200,8213,4000,2100,1075,572,271,146,65,39,17,13,3,4,3,0,0,0,0
31023,15811,8006,4125,2067,1061,597,322,171,98,43,31,19,9,3,0,2,1,0,1
31203,15931,8035,4096,2163,1073,578,312,158,90,44,15,14,13,4,2,2,1,0,0
29849,15567,8125,4161,2267,1152,613,355,181,110,45,28,23,5,8,5,2,0,0,1
30157,15647,7990,4130,2173,1180,624,369,207,101,71,37,10,11,10,2,7,3,2,0
32543,16136,8086,4146,2086,1076,567,275,116,57,36,16,10,5,2,3,1,0,0,0
29934,15281,7768,4110,2266,1200,626,341,200,105,62,43,19,18,14,15,2,2,2,1
29793,15076,7771,4023,2150,1158,568,309,161,60,42,35,11,8,19,9,6,10,11,6
31173,15931,8116,4207,2108,1096,590,287,150,72,37,19,10,8,3,1,2,1,1,0
22338,11212,5608,2925,1537,765,422,253,153,96,81,69,41,39,36,37,38,44,39,24
32076,16279,8143,4170,2072,1089,482,265,138,61,38,14,4,8,3,2,0,0,1,0
30279,15667,7768,4067,2047,1171,628,364,209,106,66,52,28,16,12,7,5,0,3,0
31407,15916,8008,4022,2065,1013,571,246,141,78,38,15,11,5,5,1,0,1,0,2
32588,16265,8145,4140,2062,1040,493,263,132,54,21,23,19,4,3,1,0,1,0,1
21332,12165,6423,3801,2261,1390,879,551,404,292,217,159,120,94,80,67,53,37,34,25
30535,15578,8007,4032,2150,1133,603,330,168,86,46,34,19,11,10,4,3,2,1,0
28115,14566,7404,3991,2096,1140,597,366,212,124,88,62,35,33,35,14,20,23,13,10
31133,15889,8076,4100,2139,1108,611,313,181,96,50,20,13,11,2,2,2,2,0,0
29252,14580,7283,3668,1862,938,468,220,103,58,31,16,13,4,5,2,1,5,8,1
32184,16350,8036,4124,2045,1080,544,258,125,74,45,14,9,6,1,1,1,0,0,0
31915,16242,8120,4051,2153,1081,535,278,154,75,29,18,14,11,2,1,1,0,1,0
32492,16237,8214,4163,2008,1040,535,288,130,61,29,23,10,5,3,2,0,0,1,0
32331,16192,8187,3921,2095,1101,548,284,129,69,30,23,12,9,1,2,2,1,0,0
30293,15661,7919,4207,2259,1199,616,295,178,108,44,21,17,5,4,1,2,0,0,0
30241,15304,7845,4178,2174,1179,624,359,181,106,76,31,14,9,4,9,3,1,0,0
30594,15457,7995,4306,2199,1098,609,320,182,104,50,24,13,6,2,3,0,1,0,0
30208,15536,7876,4108,2155,1089,594,353,177,111,78,38,34,18,13,8,6,8,1,7
32641,16518,8177,4097,1954,1067,518,265,125,59,31,18,11,3,1,2,0,0,0,0
32240,16354,8180,4137,2070,1026,532,268,142,68,31,12,8,6,2,1,3,1,1,0
19294,9817,4993,2605,1350,711,384,206,123,71,54,44,20,23,23,15,18,15,30,14
29302,14947,7596,3955,2220,1211,682,376,230,132,87,53,32,20,14,6,3,2,5,0
30345,15857,8152,4123,2229,1134,639,304,176,73,43,16,18,10,2,1,1,0,0,1
29950,15701,7902,4162,2170,1234,660,333,170,109,55,37,13,8,10,3,1,0,0,0
29933,14971,7448,3886,1998,940,466,231,140,73,40,25,5,5,3,1,3,3,1,0
32124,16371,8203,4049,2018,1030,545,272,133,58,41,29,14,11,7,5,3,1,1,2
32131,16123,8242,4098,2082,1055,558,294,143,63,43,23,13,5,1,2,1,1,0,0
29726,15451,7782,4122,2221,1121,672,378,200,102,48,40,26,13,16,3,4,0,1,0
31403,15828,8102,4175,2140,1119,627,300,166,70,34,30,12,6,1,1,0,0,0,0
32471,16302,8179,4045,2086,1025,534,254,135,68,34,18,4,8,4,1,0,0,0,1
29478,15320,7886,4088,2203,1257,611,394,208,128,59,36,28,11,4,1,1,1,3,2
30555,15711,7603,4083,2137,1100,610,359,195,106,65,49,31,17,17,8,9,5,5,2
31060,16077,8023,4036,2081,1132,617,308,163,81,45,15,14,6,2,3,2,0,1,0
29617,15401,7835,4130,2266,1162,684,355,183,87,72,28,19,5,5,3,1,1,0,0
31477,16002,7993,4133,2103,1109,561,321,174,88,36,16,12,5,0,3,2,0,1,0
31797,16214,8211,4217,2113,1103,552,267,139,67,40,13,7,4,6,0,0,0,0,0
31150,15642,8004,3989,2028,931,512,253,147,67,30,16,8,6,1,0,0,1,0,0
30568,15803,8078,4070,2221,1173,595,314,183,89,54,27,14,3,3,1,2,0,0,0
29578,15363,7929,4089,2142,1186,620,362,201,128,56,33,24,12,8,5,1,2,0,1
32388,16259,8178,4030,2067,1068,511,254,149,71,27,13,8,5,6,1,2,0,0,0
31032,15973,7991,4005,2174,1153,569,313,149,85,51,22,6,5,5,4,0,1,1,0
30994,15552,7733,3837,1979,1018,467,270,166,99,54,37,22,23,15,15,13,22,27,9
29654,15702,7882,4058,2180,1196,656,341,197,122,65,42,23,13,10,8,2,1,0,1
30579,15730,8086,4115,2157,1152,616,324,198,93,50,23,17,15,6,2,1,2,0,0
32568,16248,8064,4157,2099,1054,514,248,127,70,32,19,9,4,2,1,0,0,0,0
32630,16406,8042,4151,1985,1057,516,270,133,75,29,10,5,5,4,0,0,0,0,0
27973,14318,7312,3765,1857,948,518,259,122,69,42,22,11,7,4,3,1,3,0,1
29537,14935,7565,3881,1864,1013,537,298,162,94,51,39,18,17,11,10,6,6,3,1
32599,16466,8138,4147,2084,1005,466,271,134,60,36,14,2,4,0,2,0,0,0,0
32324,16291,8252,4066,1992,1071,499,266,147,72,30,19,7,3,6,2,1,2,2,0
28111,14655,7624,4000,2180,1224,719,416,266,178,113,78,60,41,23,15,8,11,9,5
31915,16238,8214,4115,2036,1050,527,293,136,72,32,22,13,5,3,0,1,1,0,0
31849,16120,8135,4034,2126,1058,541,289,125,77,42,20,18,13,3,2,3,3,1,0
31316,15809,8209,4078,2133,1053,511,298,131,82,43,19,7,3,2,3,2,1,1,1
21632,11244,5601,3114,1604,876,477,282,194,99,71,47,37,39,33,24,19,21,30,19
32517,16209,8179,4115,2120,1054,520,248,145,63,33,16,4,2,5,0,0,2,0,0
31206,15803,7922,4171,2105,1057,582,307,170,87,63,34,26,16,5,9,2,1,1,1
31858,16116,8172,4136,2121,1063,530,255,133,70,41,15,9,6,5,1,2,1,2,0
32569,16249,8120,4102,2031,1019,512,252,152,73,40,16,21,7,2,0,2,0,0,0
28259,14338,6931,3643,1845,896,433,224,124,61,24,13,7,5,1,0,0,2,0,0
32054,16205,7974,4122,2116,1019,505,296,132,72,40,19,14,5,3,4,1,1,1,0
31433,16032,8059,4079,2106,1088,543,299,126,65,58,27,9,8,4,3,2,0,0,0
31881,16309,8252,4132,2078,1058,544,269,158,71,37,11,9,5,0,2,0,1,1,0
26483,13651,7188,3886,2156,1312,785,496,294,237,117,99,71,59,39,33,19,18,14,6
28986,14624,7312,3715,1928,1022,509,288,164,94,73,67,33,39,30,20,24,29,27,22
31895,16026,8003,4158,2127,1058,553,285,160,66,51,29,18,10,1,1,0,0,1,0
30003,15289,7853,3984,1993,1121,641,366,222,119,80,46,41,19,20,12,6,3,6,3
31991,16052,7994,4087,2071,1020,539,269,155,73,36,23,14,6,4,5,1,1,0,0
28271,14621,7408,3944,2113,1204,628,426,262,165,115,91,51,32,34,22,17,14,12,5
30689,15545,8002,4138,2197,1174,585,299,185,101,57,25,25,12,6,7,6,3,1,1
32394,16339,8143,4095,2098,1067,544,290,137,58,35,8,7,3,3,0,0,0,0,0
28625,14253,7210,3548,1802,884,452,235,106,76,25,19,8,5,6,2,1,0,2,1
32657,16323,8220,4093,2010,1018,498,247,144,67,35,16,12,2,0,0,1,0,0,1
32740,16377,8264,4111,2004,1004,479,286,122,85,45,13,10,3,2,1,2,3,0,0
32102,16334,8030,4034,2122,1056,516,232,128,58,32,16,14,3,1,0,0,0,0,0
30547,15353,7893,4070,2093,1210,625,345,184,113,71,47,30,24,12,11,6,6,3,2
28890,14989,7758,4022,2165,1202,682,379,230,148,106,66,36,32,23,13,14,2,5,8
32514,16648,8137,4089,2039,1019,513,257,128,62,22,15,12,4,1,0,0,0,0,0
32619,16575,8313,4042,1995,1055,505,262,112,71,27,17,12,2,1,0,0,0,0,0
30453,15900,8008,4158,2101,1096,592,343,169,108,53,24,17,10,10,4,3,1,1,2
31200,15786,8112,4162,2184,1093,582,283,161,80,45,30,12,5,3,4,2,2,0,0
31156,15596,7939,4066,2118,1138,612,296,165,95,58,23,19,9,4,2,0,0,1,0
31436,15961,8078,4213,2146,1062,572,276,155,84,41,22,18,9,4,3,2,1,0,0
32338,16432,8134,4042,2113,1075,493,248,129,49,30,18,5,6,4,0,0,0,1,1
30008,15064,7584,3941,2012,1054,578,280,155,95,64,35,16,15,11,7,9,4,2,4
31159,15893,7965,4148,2082,1071,587,325,188,94,48,24,18,9,1,3,3,1,1,0
28960,14673,7385,3670,1823,905,472,212,126,65,39,15,10,7,0,2,0,0,0,0
29652,15273,8038,4214,2176,1253,635,335,204,108,62,44,20,15,4,2,3,0,1,1
32575,16029,8073,4154,2035,1036,531,278,143,60,41,19,9,8,3,4,0,0,0,0
29386,14869,7553,3991,2182,1175,690,389,223,143,105,71,50,27,26,12,14,10,5,1
30704,15655,7990,4096,2138,1127,587,333,175,124,51,38,23,15,13,7,8,4,3,2
29007,15097,7950,4201,2215,1213,684,389,209,142,59,51,32,22,12,7,5,3,3,2
32264,16330,8070,4193,2079,1067,534,261,121,75,28,14,10,3,5,2,1,0,0,0
32311,16347,8190,4134,2046,1005,518,262,150,61,28,18,9,3,1,1,0,0,0,0
32496,16158,8245,4062,1996,1052,484,301,134,67,34,18,4,4,1,2,1,1,1,1
28839,14918,7545,3995,2170,1166,651,393,229,148,94,80,60,35,21,13,15,12,8,7
31878,16101,8199,4128,2025,1120,510,295,138,74,37,22,16,2,4,3,1,0,0,0
30902,15695,8021,4153,2173,1077,604,330,147,89,52,37,18,6,10,2,2,0,4,1
30877,16107,7922,4007,2066,1100,578,346,165,121,58,35,13,10,6,2,1,1,0,1
32331,16285,7993,4069,2153,1046,587,279,134,69,33,21,13,6,2,0,1,0,1,0
31686,16057,8164,4076,2099,1092,579,280,144,68,46,24,8,5,5,2,1,0,0,0
30719,15392,7731,4023,2067,1079,610,344,221,118,60,46,27,26,14,16,5,6,4,2
32263,16243,8131,4134,2090,1039,546,281,107,60,33,19,5,6,1,1,1,0,0,0
28453,14381,7412,3767,2081,1194,657,448,266,157,93,94,63,43,36,31,27,15,16,5
29570,15030,7709,3911,2172,1159,621,341,222,130,112,85,47,28,22,23,12,10,5,4
32171,16206,8061,4073,2027,1018,510,264,135,69,46,13,7,4,4,3,1,0,0,0
30150,15574,8093,4166,2208,1120,597,313,197,100,47,29,29,8,4,3,3,1,0,0
32434,16311,8113,4199,2058,1048,520,229,129,69,42,12,8,4,2,1,0,0,0,0
27701,14230,7062,3711,1877,1045,543,341,201,130,83,58,39,33,19,27,13,12,1,7
26602,13279,6920,3568,1717,861,459,254,117,68,27,20,13,3,3,0,1,1,1,0
30339,15471,7989,4306,2138,1094,550,288,157,96,50,18,15,1,6,5,1,0,0,0
30444,15430,7814,4068,2070,1066,560,324,189,84,58,29,15,10,4,2,1,1,1,0
29860,15406,7671,4044,2184,1113,663,329,208,110,80,56,45,23,14,15,6,4,7,3
29331,15030,7806,3907,2104,1136,644,381,221,156,116,59,50,31,23,16,12,11,7,6
31193,15531,7656,3928,1967,924,502,249,112,48,35,13,5,6,4,2,1,0,1,0
27835,14082,7254,3601,1900,1039,518,306,148,98,54,38,21,15,7,3,1,1,3,1
27752,14279,7221,3841,2068,1148,681,423,265,181,106,87,61,41,37,38,21,19,14,13
32102,16279,8082,4144,2083,1076,526,270,150,85,38,18,7,4,6,2,0,2,0,0
28686,14635,7638,3899,2074,1161,699,400,247,142,108,85,65,30,39,18,17,11,6,9
30994,15561,7973,4096,2130,1126,594,307,167,109,62,34,19,5,5,3,3,2,1,1
32619,16227,8154,4093,2040,1037,557,280,142,79,24,14,10,4,1,1,1,1,0,0
25618,12821,6273,3233,1672,843,441,243,128,82,41,18,13,10,9,7,6,3,3,3
24691,12376,6106,3083,1551,815,398,196,101,48,31,20,12,4,4,4,0,0,1,1
31152,15761,8017,3952,2085,1123,604,295,158,79,49,31,14,8,7,3,0,0,0,0
29849,15161,7391,3842,1897,1035,503,233,123,53,29,10,13,5,3,1,1,0,0,0
27526,13765,6723,3442,1753,889,412,235,117,78,54,18,16,4,4,3,2,1,3,0
32479,16364,8284,4073,2063,1081,516,267,119,70,40,18,6,1,1,0,1,0,0,0
29046,15062,7616,4022,2232,1156,686,371,221,148,80,61,34,23,12,14,9,10,6,1
31863,16090,8342,4086,2064,1095,514,332,146,61,34,25,13,3,2,1,1,1,0,0
32481,16245,8138,4124,2117,1049,506,284,142,60,26,17,7,4,4,1,0,0,0,0
32104,16172,8111,4127,2079,1098,553,311,136,68,35,21,6,4,1,2,1,0,0,0
30602,15288,7884,4086,2139,1149,701,334,196,114,53,35,24,16,14,6,5,3,2,2
27658,14313,7160,3663,1932,1021,606,368,258,180,101,82,74,58,56,40,39,26,33,24
28954,14371,7407,3835,2035,1093,639,368,256,140,112,93,65,60,32,26,28,21,21,18
32445,16539,8184,4119,2024,1027,554,247,130,78,34,14,9,2,3,1,0,0,0,0
30163,15437,7751,4059,2193,1116,634,308,172,102,56,30,20,15,7,9,3,5,2,1
32681,16375,8286,4102,2038,1062,476,242,105,67,36,16,11,4,2,1,0,0,0,0
25383,12813,6496,3288,1706,847,448,220,123,66,32,26,11,5,7,5,6,1,1,1
32591,16407,8308,3994,2121,1022,504,270,132,62,23,8,11,6,1,1,0,0,0,0
29662,15338,7686,4054,2174,1109,632,363,198,111,61,45,24,16,19,13,6,21,8,6
31376,15931,7908,4093,2132,1092,583,324,163,97,56,29,12,10,5,2,3,1,1,0
21593,11045,5830,3078,1639,1004,522,288,193,117,78,59,35,32,15,16,17,10,7,4
31622,15976,8106,4075,2153,1120,580,272,153,82,61,25,15,10,2,1,2,1,1,0
27955,14077,7147,3674,2021,1055,646,368,245,160,99,67,58,46,44,34,31,15,15,17
31442,15874,7918,4206,2096,1134,589,271,159,86,40,22,13,5,3,1,3,1,1,1
30609,15152,7606,3793,2087,1088,583,315,190,105,73,45,36,33,31,18,11,14,9,9
29948,15402,7799,4030,2196,1195,604,362,211,97,60,43,25,9,5,7,4,1,3,0
29635,14999,7488,3955,2067,1058,641,376,211,149,85,66,49,31,33,32,22,13,12,18
29958,15257,7603,4076,2145,1175,647,363,207,115,80,46,41,28,19,15,9,8,7,2
32212,16202,8107,4118,2007,1000,525,277,138,80,53,22,12,6,3,0,2,0,0,0
29821,15491,7989,4007,2078,1153,632,367,206,126,82,48,32,27,22,11,13,3,4,4
28092,14321,7278,3921,2088,1225,729,387,264,163,140,84,45,44,35,30,16,15,6,15
31841,16102,8215,4117,2086,1107,555,296,136,72,42,24,9,5,5,1,2,0,2,2
27889,14199,7648,4123,2290,1282,761,453,242,146,68,51,25,17,16,10,4,6,5,1
32895,16468,8184,4027,2108,1040,502,260,133,48,27,19,12,5,1,2,2,0,0,0
29311,14926,7815,3984,2234,1203,667,412,217,142,107,71,39,35,26,12,14,5,4,5
31899,16166,8126,4100,2051,1103,578,272,149,86,36,16,10,4,1,1,0,1,0,0
32734,16374,8171,4072,2058,1014,512,239,157,76,23,20,3,4,5,1,4,0,0,0
32408,16306,8202,4057,2078,1004,515,295,134,67,40,14,6,0,2,1,0,0,0,0
32626,16483,8275,4123,2059,1053,456,266,132,80,32,9,10,4,2,0,0,0,0,0
31024,15702,7573,3749,1901,1034,526,290,145,121,38,32,16,22,12,5,7,10,6,4
32089,16237,8233,4019,2181,1026,543,259,134,75,22,16,8,3,2,2,1,0,0,0
27746,13903,6938,3541,1817,862,434,228,103,73,32,20,11,3,4,2,2,2,0,1
27603,13895,7043,3648,1974,1036,592,339,228,116,85,48,33,23,14,10,13,5,6,4
32544,16308,8378,4137,2044,978,495,290,122,60,28,12,4,6,5,0,0,0,0,0
29213,14959,7526,3915,2058,1137,602,354,198,119,88,53,37,26,15,12,10,7,7,7
25797,13361,6697,3586,1948,1006,546,307,210,129,77,73,39,22,28,16,18,14,11,12
32543,16324,8082,4150,2072,1058,517,256,140,73,38,13,12,3,1,1,0,0,0,0
30565,15589,7855,4029,2009,1030,591,288,170,82,51,39,15,8,2,1,2,0,0,2
30925,15730,8134,4184,2154,1163,587,305,163,90,48,13,16,8,5,4,2,0,0,0
28100,14728,7919,4076,2315,1219,675,406,231,133,92,58,27,24,15,9,5,2,2,1
30565,15953,8112,4188,2028,1140,609,351,164,80,47,23,19,4,6,0,1,0,0,2
32341,16361,8094,4240,2001,1035,530,261,142,63,25,17,10,4,2,1,1,0,0,0
32117,16181,8145,4056,2104,1051,526,301,156,72,39,12,18,5,3,1,2,0,0,1
27828,13835,7041,3453,1815,905,465,227,114,41,32,14,8,2,0,0,0,1,1,1
27767,14869,7731,4312,2340,1266,715,385,239,143,94,58,32,21,9,10,8,5,2,6
25897,13777,7026,3880,2249,1328,785,455,308,184,112,81,75,48,33,30,24,13,17,10
30330,15050,7432,3826,1943,963,538,267,156,104,52,40,22,27,6,20,15,18,23,12
28706,14375,7532,4094,2105,1195,703,421,268,161,115,55,47,33,17,21,9,6,10,9
29932,15138,7716,4045,2115,1168,595,346,193,148,70,68,42,30,18,16,13,6,9,7
30437,15663,8065,4021,2140,1132,574,303,204,102,62,44,28,14,7,11,2,6,4,1
29270,15070,7535,4067,2257,1246,667,401,212,122,98,45,33,27,11,12,11,8,8,4
22635,11709,5973,3217,1737,989,586,327,201,122,66,51,33,19,22,21,4,6,3,6
32752,16305,8128,4086,2069,1070,506,269,115,63,28,17,6,1,2,1,0,0,0,0
31496,15838,7973,4193,2167,1134,564,291,197,79,39,24,9,6,4,0,2,0,0,0
30259,15430,8177,4184,2181,1162,611,328,186,88,52,29,12,8,4,0,0,1,0,0
30135,15291,7766,4105,2191,1099,623,326,202,118,66,50,35,19,10,11,8,9,2,2
29647,15226,7730,4052,2267,1160,643,385,219,123,81,48,26,18,14,14,9,6,4,3
21919,11192,5734,3019,1560,837,469,246,153,87,70,68,35,32,24,15,23,10,15,8
27838,14267,7540,4019,2204,1184,637,394,237,169,98,73,69,53,28,16,12,11,13,8
26331,14073,7461,4016,2311,1342,783,494,296,203,116,67,45,29,26,20,13,13,4,8
28201,13903,6972,3566,1862,988,525,286,159,109,62,57,31,37,29,17,18,14,16,12
31375,15813,7874,3963,2012,1000,517,239,111,60,30,15,6,10,0,0,1,0,0,0
32589,16273,8214,4083,2087,1044,513,272,125,64,34,22,8,4,2,2,0,0,0,0
27512,13862,7116,3714,1878,1045,526,327,192,82,76,46,23,17,18,9,5,4,2,3
32586,16470,8132,4055,2043,1052,490,272,140,73,32,21,8,6,4,0,1,0,0,0
29251,14469,7424,3702,1893,973,559,288,151,102,52,45,26,18,20,17,16,7,9,8
31651,15706,7885,4002,2027,1032,506,283,150,85,53,28,20,13,11,10,6,4,1,2
28413,14844,7788,4262,2282,1265,730,408,226,131,83,61,38,14,12,9,4,1,1,0
32730,16407,8128,4140,2044,1014,497,285,132,55,32,17,9,2,3,1,0,0,0,1
33050,16388,8176,4034,2015,1083,471,244,121,79,30,9,4,2,1,2,0,0,0,0
30384,15677,8092,4104,2160,1093,598,304,160,94,58,26,16,6,2,2,1,0,1,0
20871,11036,5868,3266,1784,1008,597,346,234,140,113,62,46,31,31,24,23,15,14,12
30826,15828,7870,3977,2117,1107,562,355,168,108,54,50,25,20,14,11,6,6,6,3
23308,12266,6439,3417,1954,1025,654,417,258,166,125,94,67,39,40,26,21,14,11,9
32588,16425,8166,4052,2087,1020,556,248,135,59,32,18,8,3,2,1,0,1,0,0
29796,15642,8036,4213,2157,1181,585,354,175,98,59,22,14,6,7,1,1,0,0,0
13897,7017,3509,1744,904,487,236,140,73,40,23,21,14,4,5,5,5,8,9,3
28462,14113,7196,3576,1847,887,430,219,97,56,21,15,9,2,3,2,1,0,1,3
32735,16180,8213,4140,2044,1005,538,245,136,60,36,19,9,4,3,0,1,0,0,0
28947,14991,7727,4166,2180,1243,682,406,236,124,64,51,27,16,13,7,1,2,3,1
29716,15209,7698,3952,2090,1122,624,361,237,109,76,45,41,34,19,15,16,8,8,8
32185,16371,8216,4174,2068,1074,527,249,148,50,41,18,9,2,1,1,1,0,0,0
25907,14063,7509,4014,2232,1251,772,487,268,184,117,76,54,38,20,19,13,7,6,7
32456,16159,8147,4128,2050,1086,548,245,148,77,33,23,9,3,2,1,0,0,0,0
32557,16451,8109,4203,2005,1067,488,274,140,48,39,22,9,4,5,2,1,1,0,0
31455,15959,8065,4187,2064,1101,541,263,159,71,49,8,11,5,4,2,0,1,0,0
32136,16331,8184,4160,2105,1062,528,308,134,80,47,23,7,3,2,1,0,1,0,1
31008,15482,8097,4149,2154,1106,623,299,151,100,53,32,13,4,4,3,2,1,0,1
21285,11763,6114,3516,2172,1320,822,553,368,254,168,136,120,77,45,56,37,36,27,29
18773,9962,5287,2731,1535,887,508,288,193,127,110,61,46,42,30,22,16,23,19,12
27611,14374,7297,3908,2107,1258,684,409,261,157,127,89,64,46,30,27,24,11,9,8
31420,16171,8280,4251,2022,1094,540,266,163,65,42,14,17,4,5,0,2,0,0,0
30174,15493,7969,4043,2214,1152,621,320,201,112,63,39,19,8,10,5,2,0,1,0
21713,11400,6035,3339,1985,1176,739,483,349,210,184,136,105,71,71,52,41,28,28,16
31163,16109,8123,4164,2144,1079,625,321,157,91,37,28,9,13,3,3,3,1,0,1
32920,16486,8157,4084,2042,980,517,248,136,79,43,20,6,1,2,1,0,0,0,0
30401,15287,7748,3758,1832,1022,438,248,111,58,35,20,4,2,0,1,1,0,0,1
32324,16376,8183,4032,2096,1048,542,270,147,69,38,16,15,4,5,1,2,0,0,0
32591,16398,8154,4090,2089,1005,515,283,124,64,35,14,12,4,1,0,1,0,0,0
32868,16514,8160,4059,2015,1049,509,267,123,64,26,22,6,2,1,1,0,0,0,0
32755,16274,8215,4075,2062,961,537,244,137,68,33,18,9,2,0,3,0,0,0,0
31198,15756,7807,3855,1896,961,507,247,127,46,32,13,10,5,5,1,0,0,1,2
31262,16190,8270,4119,2164,1092,549,292,182,76,52,19,17,11,7,3,1,0,1,1
26829,13603,6928,3571,1876,899,481,252,133,77,37,20,5,9,2,1,0,2,0,2
29654,15376,7804,4051,2243,1164,673,380,209,106,63,31,24,16,8,5,1,0,0,0
32492,16387,8122,4028,2143,1052,496,263,142,62,46,14,13,5,1,0,2,0,0,0
31370,15998,8097,4131,2128,1067,588,279,149,80,48,21,10,6,0,1,0,1,1,1
31756,16097,8034,4057,2159,1053,542,319,159,72,40,20,13,9,3,4,2,0,0,0
29352,14666,7425,3632,1917,1016,493,261,117,86,52,28,15,8,5,6,3,3,1,1
28628,14511,7166,3740,1837,960,463,218,116,65,25,16,5,4,5,3,2,4,0,0
29537,14942,7639,3787,2123,1163,638,390,256,163,95,63,52,27,31,10,14,7,12,4
26386,13703,6973,3739,2074,1278,786,529,352,230,180,81,68,64,33,35,26,12,12,10
28026,14497,7421,3587,2075,1164,598,395,256,164,110,88,67,55,32,34,22,24,18,10
29705,14782,7263,3747,1854,982,434,262,116,71,30,12,12,7,4,1,2,1,0,1
32799,16413,8214,4071,2082,1030,521,271,94,57,40,17,6,5,2,0,1,0,0,0
28075,14966,7771,4137,2331,1262,734,396,213,142,76,63,35,17,8,9,3,6,2,0
25349,12485,6314,3120,1629,770,391,200,118,68,21,14,5,4,3,4,1,1,1,0
32430,16236,8308,4148,2130,1012,482,261,156,63,30,17,12,5,3,1,0,0,0,0
26698,13515,7025,3562,1938,1124,657,365,229,177,103,89,61,64,53,34,33,24,19,14
32754,16264,8210,4050,2057,987,518,252,126,70,36,9,12,3,0,1,2,0,0,0
28131,14437,7320,3720,2105,1151,704,439,249,161,127,64,58,51,35,31,18,22,13,13
32865,16578,8190,4051,1986,1046,494,243,145,71,28,14,3,5,2,1,0,0,0,0
32590,16337,8283,4167,2014,1026,506,238,117,77,34,14,10,1,2,0,0,0,0,0
30547,14992,7486,3575,1893,912,526,219,131,100,29,32,26,31,11,11,9,17,10,6
29373,15235,7741,3971,2101,1180,638,317,198,107,67,40,26,14,10,11,6,3,0,1
29410,15238,7700,4110,2092,1220,641,367,191,126,65,45,34,19,14,6,3,2,3,1
30656,15831,8024,4171,2150,1137,604,330,162,100,56,18,9,8,2,7,1,1,0,0
27952,13984,7000,3612,1910,1016,564,338,213,156,94,65,60,49,26,24,16,18,14,13
27255,14032,7488,4165,2345,1338,762,466,289,165,124,66,48,26,25,16,12,5,4,4
32271,16370,8043,4015,2106,1107,561,267,125,59,36,19,9,4,0,0,0,1,0,0
32494,16362,8152,4120,2082,1017,539,247,152,61,46,19,12,5,3,0,0,0,0,0
31116,16068,8070,4135,2093,1073,571,309,173,85,41,17,16,8,7,2,2,1,0,0
30776,15439,7735,3781,1927,966,497,258,128,65,43,10,13,4,4,0,1,1,0,1
27673,14542,7404,3941,2062,1174,666,426,228,145,119,85,61,44,27,18,23,15,11,11
32132,16018,8247,4067,2090,1074,525,274,135,84,43,27,12,4,5,3,1,0,0,0
32398,16448,8117,4119,2045,991,540,245,115,67,38,13,7,2,0,1,3,0,0,0
30948,15675,7876,3972,2008,1064,524,263,133,60,44,17,13,3,2,4,1,1,1,1
32902,16245,8187,4078,2090,1025,534,237,148,70,38,24,2,5,2,0,0,1,1,0
32369,16421,8354,4096,2029,1117,516,243,135,58,33,17,12,5,5,3,0,0,0,0
27753,14702,7823,4114,2266,1264,674,384,233,134,68,40,38,22,17,7,4,6,3,4
29349,14550,7338,3569,1763,877,483,230,118,45,24,10,5,4,2,0,0,0,0,0
25893,13298,6683,3376,1707,958,477,306,151,84,61,23,22,18,10,5,1,11,8,4
29088,14905,7453,3938,1885,1003,488,287,159,93,54,22,19,16,15,7,7,1,6,2
24875,13152,6836,3536,1917,1062,585,353,188,118,68,46,32,22,17,10,7,4,6,10
26538,13891,7313,3990,2120,1234,643,381,199,133,82,54,20,15,11,5,5,5,3,1
32969,16330,8216,4125,1983,949,496,266,142,60,26,22,4,5,1,0,2,2,0,0
28760,14762,7674,4044,2090,1101,620,337,183,95,55,34,25,20,22,12,2,5,1,4
23838,12151,6139,3323,1661,831,438,240,122,89,39,25,21,14,4,8,4,5,5,2
23951,12383,6274,3238,1734,905,455,273,149,115,55,40,24,21,11,13,6,7,8,6
28270,14572,7426,3908,2149,1162,683,437,269,170,97,86,67,38,20,14,15,12,7,13
23299,12135,6462,3427,1930,1053,625,298,193,121,54,39,25,26,11,9,5,1,2,3
28767,14513,7484,3985,2196,1242,743,395,254,170,90,75,52,21,19,14,9,8,5,4
29711,15027,7663,3974,2062,1022,531,254,121,64,48,27,11,12,8,8,3,1,2,0
26586,13280,6674,3264,1685,831,405,208,110,66,19,10,10,5,2,1,0,0,2,1
29147,15010,7541,3800,2082,1032,571,296,171,98,58,31,20,13,15,8,6,6,4,5
32706,16051,8216,4054,2059,942,497,250,140,74,20,23,9,4,3,3,2,11,1,2
25838,13281,6963,3636,1847,967,560,308,157,116,61,34,26,14,16,9,9,4,3,4
27624,14679,7659,4209,2204,1213,706,368,211,159,81,57,28,24,11,8,12,3,2,2
32908,16387,8229,4036,1986,975,498,273,121,51,27,20,2,6,3,2,2,1,0,0
29807,15056,7498,3730,1881,906,490,205,126,62,25,11,12,1,2,0,1,1,0,0
29919,15328,7506,3748,1913,996,490,242,125,61,32,17,6,11,0,6,2,0,0,1
32467,16295,7936,4139,2051,1084,499,258,138,72,38,27,18,10,5,1,4,1,0,2
22221,11721,6000,3288,1866,986,586,320,199,113,81,44,31,31,16,7,9,8,6,2
31047,15866,8056,4073,1959,1093,538,262,167,90,39,27,19,6,6,3,10,2,4,1
25668,13357,6877,3668,2010,1239,724,467,326,243,183,104,95,58,50,38,47,21,19,21
32850,16350,8164,4044,2058,1042,495,248,138,61,24,15,13,2,3,3,2,1,1,0
28306,14116,7036,3448,1718,878,442,212,117,56,36,18,10,4,3,0,0,2,0,0
20869,11562,5973,3471,2094,1390,873,561,398,324,199,168,125,87,76,59,50,35,42,30
27883,13996,7094,3628,1880,906,484,250,134,82,44,19,16,9,6,7,0,2,2,0
32616,16151,8212,4117,2139,1048,502,243,119,70,29,16,13,7,2,0,1,0,0,0
28352,14418,7137,3671,1878,888,506,249,136,74,35,19,12,5,5,2,3,1,0,0
32038,15847,8110,4154,2097,1077,555,327,139,81,42,29,14,6,4,4,0,1,1,0
21117,10660,5358,2785,1441,769,408,197,111,64,37,17,20,10,7,5,8,3,4,5
29084,14702,7628,3940,2099,1181,672,366,236,140,90,72,51,37,34,12,16,13,5,8
31045,15501,7825,3910,2056,1083,531,289,132,62,42,16,8,9,6,2,9,5,6,3
30556,15939,8073,3993,2210,1099,626,323,159,80,41,24,12,6,7,3,0,1,0,0
30759,15460,7902,3849,2010,1062,567,295,177,102,60,43,21,20,19,16,9,6,7,9
32165,16187,8061,4059,2103,1051,556,262,147,78,32,31,8,7,5,0,0,0,2,0
32368,16274,8240,4098,2100,1016,504,294,125,76,33,19,13,3,3,4,0,0,1,0
32285,16145,8168,4123,2156,1051,476,270,152,65,36,33,12,6,2,0,1,0,0,0
28042,14540,7430,3994,2231,1284,716,435,277,174,102,71,33,21,22,12,6,4,8,3
28483,14528,7496,3888,2014,1196,697,379,253,158,85,64,51,39,27,25,14,12,8,11
28202,14417,7427,3930,2168,1188,679,472,241,181,111,84,32,29,25,19,14,9,7,3
32023,16113,8272,4114,2079,1107,529,318,166,98,48,25,14,9,3,5,1,0,0,1
31665,15812,8055,3904,1943,963,529,237,128,77,37,23,17,10,5,2,2,1,0,0
32669,16274,8181,4098,2052,1042,537,288,118,65,40,17,10,8,3,1,0,0,0,0
28863,14735,7371,4004,2014,1227,635,382,237,150,94,77,46,39,16,22,16,12,8,5
25207,13431,7183,3953,2355,1317,859,528,377,225,149,114,73,41,28,26,14,17,5,10
28520,14654,7538,3874,1996,1203,656,372,237,139,94,72,48,41,34,16,18,13,16,8
31747,16022,7967,4129,2084,1047,627,303,166,84,60,24,21,7,6,4,0,1,2,1
29721,15100,7585,3911,2028,1162,590,339,197,110,85,52,32,28,8,15,8,10,7,0
30292,15438,7868,4089,2167,1175,617,354,190,108,66,32,19,7,12,5,3,0,0,0
31191,15722,7964,4069,2095,1122,604,328,166,79,49,21,19,7,9,5,1,2,3,2
32387,16192,8015,3971,2054,1090,561,281,134,63,38,17,15,5,2,4,1,1,0,0
22637,12062,6443,3619,2146,1386,854,615,414,281,202,128,96,84,66,50,41,25,25,25
28987,14829,7465,3889,2049,995,532,266,156,82,35,25,18,6,1,1,2,1,0,0
30815,15246,7751,3933,1947,956,478,246,124,70,36,16,15,3,3,0,4,0,0,0
26972,13913,7349,3894,2031,1170,705,412,269,188,124,81,74,53,63,26,29,19,13,14
32554,16236,8141,4146,2108,1024,533,259,129,72,40,19,5,5,2,1,1,0,0,0
32675,16467,8205,4062,2049,1008,474,290,114,70,32,21,4,4,0,1,0,0,0,0
32468,16181,8202,4136,2079,1032,551,237,138,61,40,18,4,2,3,0,0,0,0,0
31750,16028,8129,4062,2232,1062,574,312,163,82,26,21,10,1,4,0,0,0,0,1
32727,16299,8194,4131,2077,1075,491,266,117,58,25,14,11,4,3,1,0,0,0,0
25608,13550,7103,3926,2176,1242,784,463,295,193,130,83,65,51,32,21,19,18,14,11
31953,16032,8174,4208,2077,1080,535,272,144,90,44,21,6,6,2,2,1,0,1,0
32240,16461,8228,4108,2043,1062,543,261,113,62,24,16,6,1,4,2,0,1,0,0
31199,15717,8010,4108,2180,1089,614,318,184,94,56,36,11,16,8,1,1,1,0,0
27441,14345,7346,3934,2081,1170,678,427,291,187,110,102,65,49,32,36,31,15,11,12
28591,14723,7577,3996,2121,1285,709,383,235,162,107,63,47,21,20,17,10,13,4,3
31734,15616,7892,3943,2134,952,532,287,148,72,34,25,11,12,4,4,1,1,0,0
32493,16342,8121,4136,2117,1029,493,290,146,77,44,15,10,2,1,2,0,1,1,0
28581,14500,7638,4045,2154,1270,708,427,233,156,88,75,46,36,24,19,10,8,5,4
31419,15760,8020,4081,2123,1108,594,289,183,82,50,24,18,10,3,3,2,2,1,1
24337,12359,6295,3126,1563,794,407,217,96,54,35,13,7,6,1,1,0,0,0,0
32640,16242,8215,3984,2116,1045,533,275,149,63,34,19,8,3,3,1,0,0,1,0
32455,16290,8043,4007,2080,1045,530,303,159,61,38,20,12,2,1,1,1,0,0,0
31231,15745,7976,4159,2011,1107,590,331,184,105,58,24,24,18,6,7,3,3,1,1
32356,16133,8120,4154,2134,1004,520,295,132,84,41,20,12,3,3,2,0,1,0,0
31734,16031,8123,3993,2037,1010,517,266,167,80,49,28,14,14,11,4,4,4,4,4
25793,13110,6652,3503,1885,1041,611,328,245,151,94,73,51,39,26,31,25,17,17,14
31747,16139,8281,4243,2031,1052,556,269,141,74,35,13,12,6,3,4,0,0,0,0
32024,16152,8126,4115,2197,1099,515,291,152,91,30,29,11,8,6,0,1,0,0,1
29351,15191,7776,3951,2144,1187,641,365,205,131,83,35,27,24,19,15,9,8,3,4
29821,14878,7555,3736,1919,960,546,283,150,84,47,28,22,22,12,8,13,3,5,4
31213,15626,7762,4153,2142,1127,595,340,200,83,58,38,15,9,9,3,1,0,0,0
32773,16313,8200,4081,1983,1048,534,268,121,49,24,23,5,2,4,1,0,0,0,0
31501,15899,8047,4091,2066,1092,596,270,140,76,38,18,15,4,3,2,1,0,0,0
